id,created_at,text
562748558835994628,2015-02-03 23:04:46,RT @AbuHaleema02: Please follow our brother @DawahAk4
562747338993971202,2015-02-03 22:59:55,@UmmKhaled13 This user is going after quite a few of our accounts - I just reported him - he is vaguely threatening. @ abuoji
562746598082764800,2015-02-03 22:56:58,"A little help here please, inshallah...."
562746146255548416,2015-02-03 22:55:11,@abuoji Are you threatening me?
562730167404339202,2015-02-03 21:51:41,"RT @OumSayfillahhh: I ask you to please keep me in your sincere duaa. If I hve ever offended you, forgive me. BarakaAllahu feekum. Asalam a‚Ä¶"
562723763096408065,2015-02-03 21:26:14,@ummradwa  All trolls will be handed a kitten and no litter box :)
562722968175132672,2015-02-03 21:23:05,RT @The_Year_of_IS: @jihadi_9 akhi  follow back and share my account
562722079855083521,2015-02-03 21:19:33,"@abuoji I'm all about peace, love and kittens http://t.co/NB2tyelRkQ"
562721649649532928,2015-02-03 21:17:50,@abuoji Excuse me?
562705074422820866,2015-02-03 20:11:58,@strangerkhalid1 Either that or I lost a few followers.
562702300532473856,2015-02-03 20:00:57,Hmm follower count is dropping... suspensions in progress?
562699386623627266,2015-02-03 19:49:22,Is is safe to open our eyes yet? http://t.co/zF7DkIyHDZ
562694058079166464,2015-02-03 19:28:12,"RT @Dawlat_islam7: Help spread my Account brothers after it was closed Again. JZK

@khattab_rt_ 
@AbuIzzadeen2 
@KhalidMaghrebi_ 
@Abu_Moha‚Ä¶"
562691907990876162,2015-02-03 19:19:39,@bayazed_alshami @Umm_Stranger Do you have an English translation by any chance?  Unfortunately I can't read Arabic yet. jzk
562685072474923009,2015-02-03 18:52:30,@earth_sojourner Please give our sister Earth_Sojourner a break-she's a new Muslimah and is upset - make du'a for her - don't be mean
562661077809659905,2015-02-03 17:17:09,Our sister @Al_Britaniyah is back from suspension - please help her get her friends and followers back :)
562625347293044736,2015-02-03 14:55:10,"@Bint_Somaliya @Vittek_dw @Lover_Of_Hooor OUR BROTHER MUJAHID MISKI IS BACKKKKKKK FOLLOW &amp; SUPPORT
@Lover_Of_Hooor 
@Lover_Of_Hooor"
562598453642276864,2015-02-03 13:08:18,"""@UmmiUsaamah: @Bint_Stranger09 @UmmNusayba @UmmKhaled13 PLSE RETWEET &amp; FOLLOW... Jazah Kallah Khair"" pls follow"
562441025340571649,2015-02-03 02:42:44,"RT @Islam4Caliphate: @halisheikhh @halisheikhh @halisheikhh  follow and support our #Ukhit, bringing haq to us everyday !"
562415230798823424,2015-02-03 01:00:14,"@SaifAdDawlah Not just ukhs but ukhts also need to be very careful who they speak with, what they download, and what into they give out"
562412016678490112,2015-02-03 00:47:28,@earth_sojourner I was too young to remember anything from the 90's
562409727439941633,2015-02-03 00:38:22,@SaraAnneuk jazakallah khayrik
562409639808335875,2015-02-03 00:38:01,@muhajabah1 Ameen
562407837134245888,2015-02-03 00:30:52,"RT @Ramiroo19: You're the daughter of a respected man &amp; a future wife of another, don't let young boys fool you into their temporary lust. ‚Ä¶"
562400036009803776,2015-02-02 23:59:52,@AlQuranPrincess It has gotten quiet
562397536867344386,2015-02-02 23:49:56,I don't know about  the rest of you but I'm NOT feeling the love tonight from Twitter as friends get suspended. http://t.co/t51FCrwyS4
562395297121574913,2015-02-02 23:41:02,Mujahid kitten is not happy at all the suspensions. http://t.co/AW8Z4KidfQ
562394498609971200,2015-02-02 23:37:51,"@AlQuranPrincess OK.  I'm game.  Me too, inshallah.  It shouldn't take much to get me suspended.  Oh I know.  Hang on."
562392685869559808,2015-02-02 23:30:39,@AlQuranPrincess @Al_Britaniya Are you serious?  She's been suspended?  Why?
562392588742066176,2015-02-02 23:30:16,@AlQuranPrincess @YasYemeniah @Al_Britaniya Me too.  I thought I was a goner earlier.
562387863531425793,2015-02-02 23:11:29,@Umm_Stranger @halisheikhh @UmmiSaalihah Sisters please don't let anyone intimidate you or run you off.
562387734279766016,2015-02-02 23:10:59,RT @KahnNinak: @halisheikhh @UmmiSaalihah please don't go!!
562387138705362945,2015-02-02 23:08:37,RT @YasYemeniah: My account was suspended I cant find the ppl I once followed Help me out RT &amp; Share my account it's so quiet lol JZK! http‚Ä¶
562386424469938176,2015-02-02 23:05:46,@ThatRadBint @UmmHussain109 @ummnooh_ @UmmMariAndalusi @YasYemeniah @focusONakhira_  Sorry pic didn't attach http://t.co/zMzCwvMKei
562385858524086272,2015-02-02 23:03:31,@ThatRadBint @UmmHussain109 @ummnooh_ @UmmMariAndalusi @YasYemeniah @focusONakhira_ You might want to block the user below.
562382446784966656,2015-02-02 22:49:58,@Alana122211 What's happening?  I've got some weird stuff going on too - DM me if you'd prefer
562358306283331584,2015-02-02 21:14:02,@ummradwa @Alana122211 Mine too
562344209177645056,2015-02-02 20:18:01,@Alana122211 I think I'm going to do the same inshallah - all of a sudden it's gotten very very quiet here
562329545446264832,2015-02-02 19:19:45,@seekingjannah3 But is there plenty of coffee there?   Coffee is a necessity if an area is to be considered habitable...
562324420568809473,2015-02-02 18:59:24,Ask me a question.  http://t.co/YjzuMiiXmX
562323236265148417,2015-02-02 18:54:41,"FOLLOW&gt;&gt;&gt;&gt;&gt;&gt;&gt;&gt; EPIC
@Ep1Cs 
got suspended"
562319487962464256,2015-02-02 18:39:47,"Please follow 
@ThatRadBint  
@UmmHussain109
@ummnooh_
@UmmMariAndalusi
@YasYemeniah 
@focusONakhira_ 
(and me too please)"
562318916522102784,2015-02-02 18:37:31,Mujahid kitten is on a mission... http://t.co/RNewFgBz3Z
562317149281468417,2015-02-02 18:30:30,@Al_Britaniya  I saw a funny t-shirt - let me see if I can find it
562316811799367680,2015-02-02 18:29:09,@Al_Britaniya lol I dunno - mebbe if you like duct tape and plasticuffs  - no youre right prolly wouldn't turn out well.
562316361440165888,2015-02-02 18:27:22,Please follow Umm Hamza @Al_Britaniya   Let's help our brothers and sisters rebuild their accounts
562316125955174401,2015-02-02 18:26:26,"RT @ShariaKommando: They suspended Mariana too. What jerks. lol

Followüëâ @sailor__M_"
562316086990098434,2015-02-02 18:26:17,"FOLLOW „Ää al-Kurdiyyah „Äã @UmmAyyubi 
Got Suspended

Previous Account @Umm_Ayyubi"
562315977409699840,2015-02-02 18:25:50,Anyone else back from suspension need a shoutout?
562315881402105856,2015-02-02 18:25:28,Please follow @Bintmoro  She has returned from suspension
562306624363450368,2015-02-02 17:48:41,@Sheikh_Times2 @ImranAlFanaan Didn't get suspended hamdullilah but account scrambled and lost a lot of people
562303020470644736,2015-02-02 17:34:21,If I was following you and Twitter says I'm not please lmk so I can add you back - Twitter cleared my following and followers -
562294367101399041,2015-02-02 16:59:58,Please follow @QaqaAlBritani  - he's back!
562282540703444992,2015-02-02 16:12:59,@TawheedNetwork I know - it's very strange
562282359828275201,2015-02-02 16:12:15,@TawheedNetwork That's the problem - almost everyone who followed me and I followed is gone - I didn't unfollow anyone
562281729441148929,2015-02-02 16:09:45,"@TawheedNetwork Not sure - when i tried to log in it kept telling me ""account unavailable"".  Strange.  Perhaps a bug in Twitter?"
562280435565465602,2015-02-02 16:04:37,@Sista_Urs Hamdullilah I'm not :)  Thank you :)
562279020415713281,2015-02-02 15:58:59,"RT @UmmMariAndalusi: We just came for you Ya Allah, seeking forgiveness and grand us Jannat al Firdaws. http://t.co/gbLFAdaQ2M"
562278952962895872,2015-02-02 15:58:43,RT @focusONakhira_: i just got suspended so I'm trying to follow brothers and sisters who can benefit me in deen
562278814446026752,2015-02-02 15:58:10,"RT @AlQuranPrincess: Follow &amp; support üíû
@UmmHussain109 
@UmmHussain109 
@UmmHussain109 
@UmmHussain109 
‚û∞‚û∞‚û∞‚û∞‚û∞‚û∞‚û∞‚û∞"
562278312119369730,2015-02-02 15:56:10,@Sista_Urs Inshallah jazakallahkhairik
562278071084908545,2015-02-02 15:55:13,@KhilafaBaqiya2 Not sure - thought I was suspended but I'm here so not sure http://t.co/qjEoULzSKQ
562277681300254720,2015-02-02 15:53:40,http://t.co/9YNfgIclyK
562277200733667328,2015-02-02 15:51:45,It's almost certainly related to a real life situation so please make dua for me if you are so inclined.  Jazakallah khair
562276988287991809,2015-02-02 15:50:55,from app or browser but once in the last day and a half.  Please help me rebuild my account if you can see this.
562276748667400192,2015-02-02 15:49:58,Something strange is going on with my account - all those I'm following as well as my followers are gone and I haven't been able to login
562275802784739328,2015-02-02 15:46:12,http://t.co/QKx9PxM5jt
562273131566739456,2015-02-02 15:35:35,"""A calamity that makes you turn to Allah is better than a blessing that makes you forget the remembrance of Allah"" http://t.co/XxVd2CJ0hX"
561692023162699776,2015-02-01 01:06:28,@Alana122211 thatd sweet - guess they wouldn't like my kitten on a mission pic either.
561683245855961089,2015-02-01 00:31:36,Twitter is strange tonight...
561676467374129152,2015-02-01 00:04:39,RT @news_ummah: Any sisters and brother who got suspended I just came back from suspended I'll shout them out
561673076669431808,2015-01-31 23:51:11,@Ukht_Issa @FaithNvd @Is_remain jazakallah khairik
561671626308481024,2015-01-31 23:45:25,@muhajabah1 @TawheedNetwork @Bint_Stranger1 @AbuHaleema02  You're on the list of the person I just posted - changing my @ now
561671225542737923,2015-01-31 23:43:50,@muhajabah1 Thanks.  Will do
561670663917023232,2015-01-31 23:41:36,@TawheedNetwork @Bint_Stranger1 @AbuHaleema02 Oops that was @TawheedNetwork I don't see on the list.
561670482676965376,2015-01-31 23:40:53,@TawheedNetwork @Bint_Stranger1 @AbuHaleema02 Might want to block this one asap - http://t.co/lS61Of5WLd
561669051865657344,2015-01-31 23:35:11,RT @AlAmrikWitness2: @Islamicstae4 @Ukht_Issa @Umm_Talhah2 @MjWithoutBorder @Dawlla_account huge twitter crackdown. Hundreds suspended
561668894814117889,2015-01-31 23:34:34,@TawheedNetwork @Bint_Stranger1 @AbuHaleema02 I don't see your name on it
561665516788785152,2015-01-31 23:21:09,@Umm_Talhah2 @bintalghuraba_  LOL I was just joking around
561665010410463232,2015-01-31 23:19:08,@Umm_Talhah2 @bintalghuraba_  That's a bit extreme :)
561662921693233154,2015-01-31 23:10:50,@Colonel_Shami2 @UmmiSaalihah @KS_Harun3 More people caught in the revolving door of suspensions - please follow
561662370121252864,2015-01-31 23:08:38,@Haliisheikh @Bint_Stranger1 We really should have a list of people to block.
561662164642299904,2015-01-31 23:07:49,@Umm_Ayyubi @AlBritaniyya Same here
561661413060775936,2015-01-31 23:04:50,@UmmKhaled13 jazakallah khairun I really appreciate it
561661251710124032,2015-01-31 23:04:12,@Alana122211 @KhilafaBaqiya2 jazakallah khairik
561660621725663232,2015-01-31 23:01:42,@Alana122211 @KhilafaBaqiya2 Are you serious?  Must be a great photo!
561660085483872258,2015-01-31 22:59:34,@Alana122211 @ArifScorpio @Sheikh_Times2 @Dawlla_account Please follow - back after suspension
561657005484826624,2015-01-31 22:47:19,@Haliisheikh @Bint_Stranger1 @  Paulmd199
561656015259967488,2015-01-31 22:43:23,"In the middle of all these suspensions, I hesitate to ask - but if you are so inclined please make dua for me - got a situation..."
561655027543339012,2015-01-31 22:39:28,Please follow @student4truth
561654738325078016,2015-01-31 22:38:19,@Bint_Stranger1 @Haliisheikh I don't want to @ him for obvious reasons but here's a pic http://t.co/Mdox7vFEOL
561652145834188801,2015-01-31 22:28:01,"RT @KS_Harun3: @Jizyacollector Brother, i got suspended üò≠ pleas share my new account @KS_Harun3
Jazakallah khair üëÜ"
561652115861684225,2015-01-31 22:27:54,"RT @esperanza543: Please, support sister @aljozelhind3 , she's got suspended for the 4th time lol"
561649588596387844,2015-01-31 22:17:51,"RT @UmmNusaybah_: @Jizyacollector Spread my account inshaAllah, jazakAllah khayr."
561648191553437696,2015-01-31 22:12:18,Please follow @StrugglerF  @jihadi_9 @ZahranKitty2   Pls lmk if you need a shout-out.
561647169350823937,2015-01-31 22:08:14,"RT @AlAmrikWitness2: @shiekhspeare Suspended and remembered your username, please spread my new account"
561646833391644673,2015-01-31 22:06:54,"Please follow @AlAmrikWitness2 @Umm_Talhah2    @Bint_Stranger1   Twitter shows me as following 5, with 4 followers but I'm here..."
561639266338742272,2015-01-31 21:36:50,Cute kitten scoping out the place... http://t.co/1gFYhW3opL
561638273584754691,2015-01-31 21:32:53,"RT @strangerkhalid1: Follow and support @Bint_Stranger1 , got suspended, minutes back"
561260562764791809,2015-01-30 20:32:00,@laysalghareeb That's odd - I don't search for it and I am the only one who uses this phone &amp; computer.
561259797073625088,2015-01-30 20:28:57,@AlBritaniyya @AlQuranPrincess No I'm not 13.  Just realized that the 13 in my name might be causing that.  Oops.
561258575822331904,2015-01-30 20:24:06,Why are there alcohol ads on my TL?  Not happy.
561240261700091905,2015-01-30 19:11:20,"@AlBritaniyya I have the same problem, sis"
561232884804378624,2015-01-30 18:42:01,@BintShaheed @bintalghuraba_ Please make dua for both of these sisters.
561232522001264640,2015-01-30 18:40:35,Please make dua for @bintalghuraba_ - she is in need now.
561225650850508801,2015-01-30 18:13:16,@xXAminahx Inshallah you will feel better soon Sis.
561214996647260160,2015-01-30 17:30:56,@abutalha003 Mashallah I should be ashamed it took me 4 months to just read it all the way through - and in English.
561199779435528192,2015-01-30 16:30:28,RT @abumeow: @abumeow: Please follow my new account @abuMeow of jihadfilsham got suspended.
560987630687776769,2015-01-30 02:27:28,"RT @AbuKambozz2: As Salaamu Alaykum Wa Rahmatullahi Wa Barakatuh 

I'm back please spread my account.
Jazakallahu Khayr"
560970296958926848,2015-01-30 01:18:35,@AlAmrikiWitness wa ayak
560969857370718208,2015-01-30 01:16:50,@AlAmrikiWitness Please follow Amriki Witness!
560901951010136064,2015-01-29 20:47:00,"Some days it's easy to remember this, other days it's more difficult, http://t.co/18O2p8GjSf"
560800684258623488,2015-01-29 14:04:36,"RT @xXAminahx: @Isa_Muh89 JazakAllah Khair Ukhti
May Allah swt protect and reward you in Dunya and Akhirah, Ameen xx"
560797518209232896,2015-01-29 13:52:02,@AbDujanahAQ thank you.
560793139834007552,2015-01-29 13:34:38,@AbDujanahAQ Is that real?  Where is the video - I'd like to see it inshallah.  If you don't want to post DM it to me please.
560624710619508736,2015-01-29 02:25:21,RT @EmrgencyKittens: Beautiful http://t.co/0L9rmhThLF
560613668673847296,2015-01-29 01:41:28,I feel like I'm the only person who doesn't know Arabic - learning a word a day now. So much to learn about Islam and need Arabic for that.
560613042388733953,2015-01-29 01:38:59,@Umm_Saifullah jazakallah khairik (is that correct for sisters) thank you!
560612897764945920,2015-01-29 01:38:25,@LibanAboud Jazikallah khair thank you
560607062380789760,2015-01-29 01:15:13,@BadriaArvi jazakallah khairik - thank you!  I love kittens!
560603091306029056,2015-01-29 00:59:27,@TawheedNetwork jazakallah khair  Thank you
560596701980151810,2015-01-29 00:34:03,@BadriaArvi Mashallah.  I want a kitten!
560592272581210113,2015-01-29 00:16:27,@UmmKhaled13 The more I learn the more I realize how little I know and understand.
560591864420913153,2015-01-29 00:14:50,Is there an authoritative source for answers about Islam? If I don't understand something where do I go to get the answer on the web?
560560632203051010,2015-01-28 22:10:44,@earth_sojourner He's 12 right?  Let me see if I can find any resources for pre-teens
560559110933188608,2015-01-28 22:04:41,@vicenews Now I really didn't need to know this.  I'm just glad there is no photo of the damage.
560558881978744832,2015-01-28 22:03:46,RT @vicenews: Polar bears' penile bones are breaking because of industrial pollution: http://t.co/mZWW4Sel2i http://t.co/cTUTffGcXk
560558668799016960,2015-01-28 22:02:55,@earth_sojourner Mashallah.  He's already ready?  What a bright young man!
560433203262259200,2015-01-28 13:44:22,@takbirjihaadi @OumSayfillahhh too many want to be Twitter - stars. They think it's cool. Not just sad but dangerous for all involved.
560410521066037248,2015-01-28 12:14:14,@bsmlt13 @filizozcan0011 @Daulat_islam @Islamicquotes17 @RobertJRiggs JazakAllah khair
559934130100531201,2015-01-27 04:41:14,@Umm_Saifullah @earth_sojourner subhannaallah!  jazakallahkhair!
559092553560363008,2015-01-24 20:57:06,RT @Amiralmujhida: Hi to those journalist out there. Just wanna let you knw I'm not an ISIS or JN fighter in syria ;). Thanks
558991526437871618,2015-01-24 14:15:40,And the revolving door of suspensions continues - welcome back ukhs and uhktis http://t.co/klRwAtvNAi
558982198603571200,2015-01-24 13:38:36,@seekingjannah2 @AbuHussain1337_ @AussieWitness  Please follow @seekingjannah2 as he moves through the revolving dor of suspensions.
558978931584688128,2015-01-24 13:25:37,@UmmiSaalihah @mohammadakbar47 I am memorizing and learning to recognize and write one Arabic word a day.
558978705734000640,2015-01-24 13:24:43,@UmmiSaalihah @mohammadakbar47 Oh  Wow!  Hamdullilah!  I recognized that in Arabic! I'm learning!  That was my word of the day Thursday!
558978438951084033,2015-01-24 13:23:39,@UmmiSaalihah @mohammadakbar47 ameen
558964793483460608,2015-01-24 12:29:26,So many suspensions again
558964634028605442,2015-01-24 12:28:48,@UmmiSaalihah that should be interesting let us know out it goes inshallah
558964335419338752,2015-01-24 12:27:37,@TawheedNetwork please follow our brother @TawheedNetwork back from the revolving door of suspension
558963971374718976,2015-01-24 12:26:10,RT @TawheedNetwork: @UmmKhaled13 please follow back and promote it too
558958531601518592,2015-01-24 12:04:33,"RT @JusIbnAbi: Some of the people with the worse past can have the best future...

          ~ Umar bin khattab ~"
558773479957204992,2015-01-23 23:49:13,RT @FaithNvd: http://t.co/eJgkGfSN5l
558675176238628864,2015-01-23 17:18:36,"@deepakp92130740 @ObamaDie @Aidrusali2014Qa LOL yes but not watching the video and thought the reference would be ok, inshallah."
558671099563884545,2015-01-23 17:02:24,@ObamaDie @Aidrusali2014Qa Is there a claim of responsibility yet?  What did the fox say?
558653594137034752,2015-01-23 15:52:50,"Mujahid kitten reporting for duty, inshallah http://t.co/vQXbRCzzlR"
558595230971076608,2015-01-23 12:00:55,@MaybeNotAlone @ummradwa @Lana122211 wa ayakkum
558592880097644544,2015-01-23 11:51:35,@MaybeNotAlone @ummradwa @Lana122211 all three of these sisters are must-follows.
558566120270340096,2015-01-23 10:05:15,Photographer kitten documenting works of the mujahideen? http://t.co/QQctv8dyEs
558560634900873218,2015-01-23 09:43:27,@hansaa94 @SamuraiWitness From the looks of the background it appears he did.
558559562631233537,2015-01-23 09:39:11,@hansaa94 @SamuraiWitness Not a real mission I don't think.  I have no clue.  My smiley didn't post for some reason.
558558797858623488,2015-01-23 09:36:09,Mujahid kitten on a mission. http://t.co/BcuEa7urdc
558446466617053187,2015-01-23 02:09:47,@ShackledBird_ What nasheed are we looking for?
558443256460369921,2015-01-23 01:57:02,"@ShackledBird_ If you have a link I'll try to help find a translation online if that will help, inshallah"
558442877924417536,2015-01-23 01:55:32,"@ShackledBird_ Sis, sorry I can't but I know like 10 words of Arabic :(  I would if I could."
558378417293627394,2015-01-22 21:39:23,"@AlBritaniyya wa ayyiki, Sis.  Done"
558374991520337920,2015-01-22 21:25:46,@khattabSalafi http://t.co/hiwqWOj8Ed  http://t.co/9AVVUaly86 or dlttr on ios or Android
558363008746151936,2015-01-22 20:38:09,"RT @AbDujanahAQ: Please brothers and sisters, Spread my account
My account @AbDujanah was taken down!"
558105515545600003,2015-01-22 03:34:58,@ashweekae @Umm_Saifullah another victim of autocorrect.
558096961291968513,2015-01-22 03:00:59,@UmmKhaled13 odd I can reply to some people and not others
558094370164211715,2015-01-22 02:50:41,"@UmmKhaled13 ok good that posted. Keeps telling me ""soory something went wrong"""
558094170393702400,2015-01-22 02:49:53,"I can't follow, send dms now, and not sure this will post - inshallah it will clear up"
558083695291420675,2015-01-22 02:08:16,@Lana122211 @ummradwa Did those go through?
558082569670254592,2015-01-22 02:03:47,@Lana122211 @ummradwa Do you want me to try?
558069996447092737,2015-01-22 01:13:50,@ashweekae Yep.  May Allah forgive me if I'm misjudging this but he sounds like a predator and master at manipulation.  I'm block him.
558066786596573186,2015-01-22 01:01:04,@ashweekae @Hussk Wow.  That's a new one.  No there is no way that's not haram unless he's your mahram and he isn't
558055887471124480,2015-01-22 00:17:46,@ZanahraFIslam alhamdullilah you are ok.  Thanks to Allah for giving you the strength to free yourself.
558055265816567810,2015-01-22 00:15:18,Subhannallah - I love this quote from al Qur'an al Kareem http://t.co/FuNz8giXpB
558054866682388481,2015-01-22 00:13:43,Insha Allah... http://t.co/VaBT2PlcLm
557899436576473090,2015-01-21 13:56:05,"""@Tawheed_Network: @Umm_Ayyubi @Umm_Anaas also give my name a shout out please?"" Me too please.  JazakAllah khairun"
557878217139552256,2015-01-21 12:31:46,"RT @EmrgencyKittens: Tea for you too, sir? http://t.co/Hynq8ydW0W"
557747471817121792,2015-01-21 03:52:14,@BadriaArvi I will look for the actual hadith and verify inshallah Should I remove it until then?  Forgive me I'm still learning
557746578564579330,2015-01-21 03:48:41,@BadriaArvi this is the source. http://t.co/HOQoMeXamr
557744223257370624,2015-01-21 03:39:19,@BadriaArvi I don't know what shahih means -still working on Arabic
557740537697275904,2015-01-21 03:24:41,@hansaa94 @KidMcfly86 @Soldier_XXVII @Colonel_Shami @Jizyacollector well ok.  LOL hopefully everyone knows I was joking.
557740314182828034,2015-01-21 03:23:47,I love reading about how cat's got the letter M on their foreheads. http://t.co/rQiMSKB4Y8
557735656940924928,2015-01-21 03:05:17,"@hansaa94 @KidMcfly86 @Soldier_XXVII @Colonel_Shami @Jizyacollector Well, fortunately kittens are real :)  Much easier to clean up after."
557732197529313281,2015-01-21 02:51:32,@ashweekae I don't know enough to answer this - I think but am not sure that the first requirement is that he be Muslim not sure about age
557728424941592576,2015-01-21 02:36:33,@Soldier_XXVII @Colonel_Shami @KidMcfly86 @Jizyacollector I know they aren't real - I'm messing with them back http://t.co/d4Qk522DOC
557726753217847297,2015-01-21 02:29:54,@Colonel_Shami @KidMcfly86 @Soldier_XXVII @Jizyacollector Oh no - I had my heart set on a unicorn as my mahr.  What am I going to do now?
557726501387644929,2015-01-21 02:28:54,"@Umm_Saifullah @ashweekae They aren't in the mood to be rational - you'll just  waste time and get frustrated.  Block, delete, move on"
557726314258763776,2015-01-21 02:28:10,@Umm_Saifullah @ashweekae I agree - ignore them.  Big mistake for us recent reverts to get into theological arguments like that.
557712077952135169,2015-01-21 01:31:35,@Umm_Saifullah @ashweekae Jazak Allah Khair (and I never get the right ending for sisters)
557710120709554178,2015-01-21 01:23:49,@ashweekae Maybe this will help a bit - I'm not sure it's grammatically correct but it's close enough I hope http://t.co/ulFOHx6Qlt
557705285255839745,2015-01-21 01:04:36,@ashweekae I'll send you the basic one I've been using to get by.  A sis gave it to me shortly after I reverted
557704906187223042,2015-01-21 01:03:05,@ashweekae A quick English-Arabic translation guide with the words you really need - was studying for a quiz and that word had just come up
557704266765590530,2015-01-21 01:00:33,@ashweekae Do you have a basic Arabic lexicon for beginners?
557703944110346241,2015-01-21 00:59:16,"RT @alfarisa__: FOLLOW 
@Tawheed_Network 
@Osama_Ibn_Zayid 
@Protocol__Shami 
@IbnAmghar11 
@AbuHaleema02 
@LONEWOLF__03 
@ARikaaz 
@Revive‚Ä¶"
557703914414678016,2015-01-21 00:59:09,"RT @alfarisa__: FOLLOW 
@Soldier_XXVII 
@ismvh_ 
@AbuDangerIS 
@Haqqqseeeker 
@ThickSheikh 
@ISnews223 
@dohak_y 
@dujana99lives"
557703667848314880,2015-01-21 00:58:10,@ashweekae It means mother  - not married no kids but one day I want to have a son named Khalid.
557701843284135937,2015-01-21 00:50:55,@YasIsAwesome @DustyFeet_ Me too.
557701175567716352,2015-01-21 00:48:16,@DustyFeet_ @YasIsAwesome Same here - hate these suspensions.
557699617782239232,2015-01-21 00:42:05,Follow @Protocol__Shami he was suspended again but he's back
557695209157718016,2015-01-21 00:24:33,@Tawheed_Network Please follow Abdulrahman Muhajir - his old account was deleted.
557694795595137024,2015-01-21 00:22:55,"Hamdullilah, Allah swt must see a lot of strength in me that I don't see. http://t.co/BnttsaXfC3"
557693958294605825,2015-01-21 00:19:35,Posting this to remind myself once again... http://t.co/aZTkTch2kS
557624528470564864,2015-01-20 19:43:42,Want to know something?  Just ask.  http://t.co/YjzuMiiXmX
557536732066111488,2015-01-20 13:54:50,Question of the day:  Who was the first known Japanese citizen to convert to Islam?  When and under what circumstances? Answer coming soon.
557502573117448192,2015-01-20 11:39:05,"@AbdullahBritani Just read that - whew - had to read that twice - it says ""poppy"" NOT ""puppy"" - scared me for a sec - think I need (coffee)"
557392164679081984,2015-01-20 04:20:22,@Umm_Saifullah @ashweekae Mashallah - thank you - that's a great reference.
557388703036104705,2015-01-20 04:06:37,@ashweekae @Umm_Saifullah Remember that even those who learn from their parents as babies don't get it perfect right away
557388576456212480,2015-01-20 04:06:07,@ashweekae @Umm_Saifullah No one expects you to be perfect.  Allah knows what's in your heart and that you're doing your best
557388048498196481,2015-01-20 04:04:01,@ashweekae so that I could read them.  I should have it in a file and I can give you a copy.
557387776401096704,2015-01-20 04:02:56,@ashweekae  Mostly from personal studies and discussion with new friends online. I made a notecard with the prayers in English letters
557319362026430464,2015-01-19 23:31:05,"@UmmKhaled13 were high &amp; the revenues were low.‚Äù No, I did not personally know Ibn Khaldun although we may have had some friends in common!"""
557319242383908864,2015-01-19 23:30:36,"@UmmKhaled13 ‚ÄúAt the beginning of the empire, the tax rates were low and the revenues were high. At the end of the empire, the tax rates"
557319194233282560,2015-01-19 23:30:25,"Anyone want to guess who said this?  ""‚ÄúMay I offer you the advice of the 14th century Arab historian Ibn Khaldun, who said:"
557317004051615745,2015-01-19 23:21:42,The achievements during the Golden Age of Islam fascinate me -so I wanted to share :)
557316819393183744,2015-01-19 23:20:58,"@UmmKhaled13  ailments. He says all surgeons must first know general medicine, anatomy, &amp; the writings of philosophers who studied medicine."
557316642968207360,2015-01-19 23:20:16,@UmmKhaled13 The 30th volume of al-Tasif is dedicated to surgery. He explains in detail how to perform certain surgeries to cure certain
557316388000649216,2015-01-19 23:19:15,@UmmKhaled13 which causes tumors and obstructions which is a definite cause of ascites and general ill health‚Äù
557316304965615616,2015-01-19 23:18:56,"@UmmKhaled13 of the body, difficulties in articulation, weakness of voluntary movements, arthralgias, gout, etc.. disturbances of the liver"
557316254328164353,2015-01-19 23:18:44,"@UmmKhaled13  He particularly notes the effects of alcohol on the body.He states:
‚Äú[Alcohol causes] general weakness of most of the nerves"
557316075583717376,2015-01-19 23:18:01,"@UmmKhaled13 He talks about what foods to avoid, how to have a healthy diet, and how to use food as part of a treatment plan."
557315887095894016,2015-01-19 23:17:16,"@UmmKhaled13 Not only does he discuss how to treat diseases, he describes how to prevent them."
557315783916011520,2015-01-19 23:16:51,@UmmKhaled13 He said that a good doc relies on his own observations of the patient and symptoms instead of just  what the patient says
557315203566944256,2015-01-19 23:14:33,@UmmKhaled13  He saw a wide variety of patients daily &amp; recorded their treatment. The result: a valuable text of medical info - al-Tasrif.
557314740461273088,2015-01-19 23:12:43,"@UmmKhaled13 Unlike many doctors and hospitals in the ‚Äúmodern‚Äù world today,he saw patients regardless of their financial status."
557314295151988737,2015-01-19 23:10:57,"@UmmKhaled13 and the military ruler, al-Mansur. He was a court physician, recognized by rulers of al-Andalus  for his medical genius."
557314068026249216,2015-01-19 23:10:02,@UmmKhaled13 .Al-Zahrawi lived during most powerful period of the Umayyad Caliphate of Cordoba. He served the Umayyad Caliph al-Hakam II
557313912195276800,2015-01-19 23:09:25,@UmmKhaled13 The impact he had on how medicine was practiced was truly revolutionary
557313752241307649,2015-01-19 23:08:47,@UmmKhaled13 His 20-book encyclopedia of medicine was a standard text for medicine in Europe for centuries.
557313569180901377,2015-01-19 23:08:03,@UmmKhaled13 He revolutionized how surgery was performed by inventing new methods and tools to help heal patients.
557313453330022401,2015-01-19 23:07:36,The achievements by the Muslim world in medieval times are  amazing.  Abu al-Qasim al-Zahrawi was Islam‚Äôs greatest medieval surgeon
557306079231877122,2015-01-19 22:38:18,@HamzaMuhajir Come on guys - haven't you heard of cybersecurity and anonymizers?  Isn't that what camo does?
557304952205606912,2015-01-19 22:33:49,"@InviteToIslam This video should help
https://t.co/HLbqxyGL9J"
557304777982611456,2015-01-19 22:33:07,@InviteToIslam See this video https://t.co/HLbqxyGL9J
557304301065089024,2015-01-19 22:31:14,"@InviteToIslam Assuming it's Windows, do you have Arabic set up as a language option? DM me and I'll try to help"
557304052024086528,2015-01-19 22:30:14,@InviteToIslam What Operating System?
557301670636691457,2015-01-19 22:20:47,I am learning some amazing facts from Islamic history - many are too long for tweets Should I set up a Tumblr?  Or something else?
557282995225509888,2015-01-19 21:06:34,@FearAllahOnly Excuse me but you could please direct me to the nearest Starbucks?  What?  No Starbucks?  No way!
557282640601309184,2015-01-19 21:05:09,@FearAllahOnly you'd think people would understand this up front.
557282552839684096,2015-01-19 21:04:49,@FearAllahOnly taking notes learn to make own milkshakes if ya gonna make H.  Got it!  Sorry don't mean to be flippant re a serious subject.
557278879241756673,2015-01-19 20:50:13,RT @keer99: Only give your heart to Allah and for the sake of Allah http://t.co/P54G57HkVv
557271759507189761,2015-01-19 20:21:55,"RT @R_Dot_A: ÿßÿÆŸàÿßŸÜŸâ ŸàÿßÿÆŸàÿßÿ™Ÿâ 
I'm requesting a dua from you guys because my cousin just started shaking so badly and having a panic attack i‚Ä¶"
557256838719471618,2015-01-19 19:22:38,"Looking at http://t.co/bDmuPPOXh4 They have a pretty impressive collection from early Islamic history days at the Topkapi Museum, Istanbul"
557248237506416640,2015-01-19 18:48:27,"@UmmKhaled13 demonstrate their fealty to him. The other 8 swords are in the Topkapi Museum in Istanbul, Al-Adb is in the Husain mosque Cairo"
557247898501787648,2015-01-19 18:47:06,@UmmKhaled13 by one of his companions just before the Battle of Badr. He used this sword at the Battle of Uhud and his followers used it to
557247816884826114,2015-01-19 18:46:47,"@UmmKhaled13 al-'Adb, the name of this sword, means ""cutting"" or ""sharp."" This sword was sent to the prophet Muhammad pbuh"
557247731895656449,2015-01-19 18:46:27,The last of the nine swords that are believed to have belonged to the Prophet Muhammad pbuh is Al-Adb http://t.co/guFOJgfsqP
557243090931838976,2015-01-19 18:28:00,@AlBritaniyya if you aren't ready or do it for the wrong reasons you just put a lot of people in danger including yourself
557242922564087808,2015-01-19 18:27:20,"@AlBritaniyya Only do it for the right reasons - your head, heard, &amp; deen must be right. It's for Allah not for fun."
557194884961296384,2015-01-19 15:16:27,I try to post Islamic inspirational and historical tweets - new ones posting soon. Please give me a shoutout. TY and jazakallah khair
557189127721197569,2015-01-19 14:53:34,@Abu_Rumaisa @Censored31 I need coffee badly because when I first looked at that image all I saw was a biology diagram.
557028188074020864,2015-01-19 04:14:03,Each of us is a creature of Allah - if I understand this correctly it means to be kind to each other not just animals http://t.co/96rUmNpeff
557005019049103361,2015-01-19 02:41:59,"RT @Humble_Hayati: Keep @hafsawrites_  in your duas, she is having a heart surgery!"
557004550016888833,2015-01-19 02:40:08,@EveryTimeAlone Done!  jazakallah khairun :)
556992075418591232,2015-01-19 01:50:33,@ummradwa @EveryTimeAlone @Lana122211 Totally agree with this statement - her tweets make me smile
556921010453512193,2015-01-18 21:08:10,@ashweekae Yes it looks like it
556916540822781953,2015-01-18 20:50:24,@muhajir_1 I'd appreciate the follow - jazakallah khair
556900089260965888,2015-01-18 19:45:02,"@UmmKhaled13  The sword is 100 cm in length and has a scabbard of dyed animal hide. Today the sword is in the Topkapi Museum, Istanbul."
556900039893979136,2015-01-18 19:44:50,@UmmKhaled13  or in any battle. It stayed in the house of the prophet Muhammad and was only used later by the Fatimid caliphs.
556900004238196740,2015-01-18 19:44:42,"@UmmKhaled13 Allah --Muhammad b. Abdallah b. Abd al-Muttalib."" There is no indication in any historical source that this sword was used"
556899932758876160,2015-01-18 19:44:25,"@UmmKhaled13 Written on the side of the sword in silver is the inscription: ""There is no god but Allah, Muhammad the apostle of"
556899805063282688,2015-01-18 19:43:54,@UmmKhaled13 for the traveller but not used to battle.
556899677585813504,2015-01-18 19:43:24,"1. Al-Qadib is a thin-bladed sword which, it was said, resembled a rod. It was a sword of defense or companionship http://t.co/Ph0mHxVjkp"
556889677152522240,2015-01-18 19:03:40,@TheSquare____ @AbuKhattab007 Mashallah - such a beautiful child!
556866321049452544,2015-01-18 17:30:51,RT @Bintfood: guys remember my mother in your duas please.
556866234315464704,2015-01-18 17:30:30,@DroopDelaCreme @AbooHurayrahAS Women can be brutal especially to each other.
556860986020597761,2015-01-18 17:09:39,"RT @Isa_Muh89: Plz dwnload dese apps so my husband Rahimullah can get ajr. Hisnul Muslim, Eng-Arabic nd Daily Hadith. RETWEET PLZZZ. http:/‚Ä¶"
556859715641417728,2015-01-18 17:04:36,"@UmmKhaled13 Your heart, your head, and your din have to be ready - if you're not 1000% sure stay home. You put people in danger otherwise."
556859144515645441,2015-01-18 17:02:20,I'm not gonna criticize this girl cuz I don't know the whole story-but hijrah not something to make lightly and not everyone can do it.
556857779252887552,2015-01-18 16:56:55,"@Sulaym19 @_UmmWaqqas You got to put big girl panties on if you gonna make hijrah. It's hard, no promise of success, not a trip to the mall"
556850484787818497,2015-01-18 16:27:56,My ask.fm is  http://t.co/YjzuMiiXmX
556844016827129856,2015-01-18 16:02:13,@UmmiSaalihah @JihadiTweets All of these swords are swords that are listed as believed to have belonged to the Prophet Muhammad pbuh
556839370008047617,2015-01-18 15:43:46,Back to the Al Mikhdham sword. Zayn aldin Abidin whose name is on the sword was the grandson of the Prophet pbuh http://t.co/i97Ij5zUov
556837031285096448,2015-01-18 15:34:28,until it passed into the hands of the prophet Muhammad pbuh. Today this sword is housed in the Topkapi museum. http://t.co/XEEo1oQV7B
556836969498836993,2015-01-18 15:34:13,He used this sword and it was passed onto the tribe of Levites who kept the weapons of the Israelites http://t.co/WSnAbpGVmG
556836902939426817,2015-01-18 15:33:57,"than 20 years old so made himself the Hatf sword came about, similar to the al-Battar but larger than it. http://t.co/vWjmhJPfuh"
556836579030106112,2015-01-18 15:32:40,"It is said that King David took his sword ""al-Battar"" from Goliath as booty when he defeated him, but he was less http://t.co/1QVGiQFagT"
556836452747993088,2015-01-18 15:32:10,Hatf is a sword which the prophet Muhammad took as booty from the Banu Qaynaqa. http://t.co/2iq3Y11dPa
556835940136927232,2015-01-18 15:30:08,"The sword is in the Topkpoki Museum, Istanbul. blade is 97 cm long &amp; is inscribed with the name Zayn al-Din al-Abidin http://t.co/SpXkS2W1P4"
556835613417426945,2015-01-18 15:28:50,and from him to his sons. Some say the sword was taken as booty by Ali b. Abi Talib from a raid he led in As-sham http://t.co/OUBtvtZczm
556835425533587458,2015-01-18 15:28:05,"The sword called al-Mikhdham is reported to have passed from the prophet Muhammad pbuh  to Ali b. Abi Talib, http://t.co/ZDFhNK3mQr"
556835231958040577,2015-01-18 15:27:19,Back to history - continuing on the swords of the Prophet Muhammad pbuh.   This sword is al-Mikhdham http://t.co/ulVqXMidCQ
556815476844929024,2015-01-18 14:08:49,@FearAllahOnly lol I wonder how many people are going to use those now...
556302027840823297,2015-01-17 04:08:33,"his followers used it to demonstrate their fealty to him. The sword today is in the Husain mosque in Cairo, Egypt. http://t.co/sUfij79mCe"
556301986275270656,2015-01-17 04:08:23,of his companions just before the Battle of Badr. He used this sword at the Battle of Uhud and http://t.co/LSzedvvFNv
556301917094420480,2015-01-17 04:08:07,"al-'Adb, the name of this sword, means ""cutting"" or ""sharp."" This sword was sent to the prophet Muhammad pbuh by one http://t.co/2z5dpNdpNS"
556301537551855618,2015-01-17 04:06:36,"of the prophet Muhammad were kept among his family. The sword is preserved in the Topkapi museum, Istanbul. http://t.co/YlLrHZoLkx"
556301366269079552,2015-01-17 04:05:55,The al-Rasub sword is one of the nine swords of the prophet Muhammad pbuh. It is said that the weapons of the house http://t.co/NFhyAa2m8J
556300584769568768,2015-01-17 04:02:49,RT @LostIslamicHist: On this day (16 January 929) Abd al-Rahman III established the Caliphate of Cordoba in al-Andalus.
556263764165931008,2015-01-17 01:36:30,"RT @bint_Shu3ayb: Home most definitely ain't where the heart is.. 

Feeling trapped."
556244012148211714,2015-01-17 00:18:01,http://t.co/wGr0mrkhvi
556240477343973376,2015-01-17 00:03:58,"4 - along with other war equipment, to Ali b. Abi Talib. http://t.co/g63ByoHPhn"
556240418313342976,2015-01-17 00:03:44,"3 -  migrated with the sword from Mecca to Medina, and the sword remained with him until it was transferred, http://t.co/O4Y9MwlpqU"
556240316932845568,2015-01-17 00:03:20,2 - before he received his first revelations in Mecca. It was willed to him by his father. The prophet Muhammad pbuh http://t.co/eSO13y9L9Y
556240169217839105,2015-01-17 00:02:45,"Back to history tweets - ""Ma'thur al-Fijar"" is the sword which was owned by the prophet Muhammad pbuh http://t.co/QDsvkupQRy"
555791232283459585,2015-01-15 18:18:50,"RT @Amiralmujhida: (1)KhƒÅnsa together with her 4 sons were amongst those who took part in the battle of Al Qadisiyyah in 16 AH, during the ‚Ä¶"
555790577770725377,2015-01-15 18:16:14,"3) &amp; that Ali returned from the Battle of Uhud covered with blood from his hands to his shoulders, with Dhu al-Faqar http://t.co/EKACk145KA"
555790397365305345,2015-01-15 18:15:31,"2)  It is reported that the prophet Muhammad pbuh gave the sword to Ali b. Abi Talib, http://t.co/RWWYnF8jK3"
555790239177129984,2015-01-15 18:14:53,1) Dhu al-Faqar - this sword taken as booty by the prophet Muhammad pbuh at the Battle of Badr. http://t.co/p1bXtxg9Mk
555777008568115202,2015-01-15 17:22:19,Yeah I'm a history geek. \
555776820873015296,2015-01-15 17:21:34,4)  when cut off the head of Goliath to whom this sword had belonged originally. http://t.co/x70XSa0Fvg
555776705638694912,2015-01-15 17:21:07,"3) Joshua, Zechariah, John, Jesus, and Muhammad. It also has a drawing of King David http://t.co/VeegLWxvpT"
555776477518905345,2015-01-15 17:20:12,"2)  It is called the ""sword of the prophets"" and is inscribed in Arabic with the names of David, Solomon, Moses, http://t.co/xbeLgyCnRI"
555776314855424000,2015-01-15 17:19:33,1) The al-Battar sword was taken by the prophet Muhammad pbuh as booty from the Banu Qaynaqa. http://t.co/PBKrGVSjFm
555522400696406018,2015-01-15 00:30:36,I know I know.  Don't feed the trolls.  But I can't sleep so...
555446800694673408,2015-01-14 19:30:11,"@Bintfood Wish there were a ""like"" button here"
555437051496382464,2015-01-14 18:51:27,I may be just a revert of less than a year but even I know what these Twitter trolls are doing to her is haram.  I will keep her in my du'a.
555436292042129408,2015-01-14 18:48:26,"@AbuKhattab007 Prob she is just reacting in pain &amp; with healing she will reconsider, inshallah - she may be (justifiably) mad at the world."
555433294268231680,2015-01-14 18:36:31,@bintfood Instead of piling more harm onto that woman they should remember this. She needs dua not more attacks. http://t.co/Uqc9qxkm7M
555432110400757762,2015-01-14 18:31:49,"RT @_queenofislaam: ‚Äú@Bintfood: When our women empower one another, our Ummah is empowered. Keep that backbone strong üëä‚Äù Trust and Believe ‚Ä¶"
555432048648019970,2015-01-14 18:31:34,"RT @Bintfood: THIS IS exactly why victims of rape don't speak out. Because there is this Jahil mentality of it being ""3ayb"". Just shut up m‚Ä¶"
555190884279787521,2015-01-14 02:33:16,Curious?  Just ask - I'll answer.  http://t.co/YjzuMiiXmX
555188273866625024,2015-01-14 02:22:54,"RT @Alhamdhulillaah: Many lessons in life turn out to be a blessing! Allah is not trying to mess with you, He is trying to bless you! Draw ‚Ä¶"
555188139384639488,2015-01-14 02:22:21,"RT @islamicfreedom: Allah never promised
this life would be easy,
but He did promise that
He would be with you
every step of the way."
555188017695309824,2015-01-14 02:21:52,"When I can't sleep, I read the Qu'ran.  Perhaps it's more important for me to read Allah's words than to sleep. http://t.co/ksdUuCxuZQ"
555183678129987584,2015-01-14 02:04:38,RT @EmrgencyKittens: http://t.co/cWRiejCCZ8
555183117762588674,2015-01-14 02:02:24,More wise words... http://t.co/qa2NSjM8d2
555182939613708288,2015-01-14 02:01:42,Good advice. http://t.co/hebq2rIIYX
554456139061268480,2015-01-12 01:53:39,Well that doesn't work :(  Inshallah it will be morning soon.  I'd appreciate if you could make dua for me. http://t.co/Pkt3gzAPjj
554107714079850496,2015-01-11 02:49:08,"RT @_NurAlHuda: Brothers &amp; sisters pls can you spare a Du'a for my pregnant sister in law &amp; the baby üòî

May Angels make Du'a for you also"
553010964048912385,2015-01-08 02:11:02,Just call me grumpy cat tonight. http://t.co/rA8aM5t0w3
552295174324617216,2015-01-06 02:46:45,RT @EmrgencyKittens: Aw I want them all! http://t.co/0EKclVOdMA
552271677720363009,2015-01-06 01:13:23,Subhannallah http://t.co/bYwSfWLQIc
552215513972346881,2015-01-05 21:30:12,I'd really appreciate it if you could keep me in your du'a over the next few days.  Thank you! http://t.co/fu03Cz7FGC
552163600295813121,2015-01-05 18:03:55,http://t.co/B60IaQ0hke
552162275608768512,2015-01-05 17:58:39,"@Sulaym19 @Umm_Ammar_ Well you SAID you wanted me to be annoying,  I succeeded"
552161625223208960,2015-01-05 17:56:04,@Sulaym19 @Umm_Ammar_  Oh don't be annoying LOL
552160826430590976,2015-01-05 17:52:54,@w1tnesskh1lafah It sure doesn't sound like anyone knows who she is
552160275798175747,2015-01-05 17:50:43,@Sulaym19 @Umm_Ammar_   Awesome.  An invitation to be annoying and I can't think of anything!
552157466243653632,2015-01-05 17:39:33,@Sulaym19 @Umm_Ammar_ Well I can be annoying :)
552143529867485184,2015-01-05 16:44:10,@w1tnesskh1lafah However asking a lot of questions on Twitter isn't always appreciated
552143468173479936,2015-01-05 16:43:55,@w1tnesskh1lafah Thats one of many questions I have - that one especially since that name is not mentioned in the article.
552143123674304512,2015-01-05 16:42:33,@AbuHaitham13 Thank you
552135950772355073,2015-01-05 16:14:03,@w1tnesskh1lafah Thank you - sounds like a scary situation to find yourself in.
552135006114807808,2015-01-05 16:10:18,Has anyone read this?  Is this true?  http://t.co/ciOEth49Tq
551908543188992002,2015-01-05 01:10:25,"If you have a question for me, here's your chance!  http://t.co/YjzuMiiXmX"
551594895144939520,2015-01-04 04:24:05,So very true... http://t.co/0nvyAEEiHJ
551562116931805185,2015-01-04 02:13:50,RT @Maestrouzy: That moment... http://t.co/1HhyNPHwyy
551552707325337601,2015-01-04 01:36:27,RT @1LeylaRodriguez: So you come on a social network site and protect your tweets. What are you tweeting Nuclear War codes.
551399495318392832,2015-01-03 15:27:38,@muslamist @Alhamdhulillaah I don't think the sister in this photo likes her hijab - perhaps she's be happier with a naquib.
551228627330019330,2015-01-03 04:08:40,RT @AaliyahMangos: Hmm. Sisters.. http://t.co/EbOjNIYgLy
550709583933898752,2015-01-01 17:46:11,"RT @AkhiTweet: If you are to marry, marry a sister on deen. The peace you will receive is unlike any other."
548852938220007424,2014-12-27 14:48:32,RT @EmrgencyKittens: Raawwrrrrr http://t.co/zU7jn9SKjM
544849840593985537,2014-12-16 13:41:39,RT @EmrgencyKittens: http://t.co/ip5LN4OGp5
544831236162994176,2014-12-16 12:27:43,"RT @EmrgencyKittens: These 10 pics of the sand cat prove that it's the cutest wild cat ever http://t.co/Lk8wblG1Kx

. http://t.co/xcxHYxy2aZ"
544668348085436417,2014-12-16 01:40:28,"RT @EmrgencyKittens: ""Hello everyone..."" http://t.co/9lQMnylBER"
544667933633708032,2014-12-16 01:38:49,RT @EmrgencyKittens: Man it was a good day today. http://t.co/Po6VuXJezT
544241400720920576,2014-12-14 21:23:56,Subhannallah!  So beautiful. http://t.co/da9SjKgZhv
541000958298554368,2014-12-05 22:47:34,Mashaallah http://t.co/OikmNamFhO
540586091456520192,2014-12-04 19:19:02,"RT @ayyx3: That awkward moment when a sister says wearing a headscarf, tights, short skirt and heels is modestüö∂"
540577079176482816,2014-12-04 18:43:13,RT @rtgearpromo: There is alot of new mujahids on twitter these days... where did they come from.. lol
538111463844757506,2014-11-27 23:25:45,RT @ummradwa: Alhamdullilah RT @Lani_1221: http://t.co/MRzycZFf4Y
535153207702720512,2014-11-19 19:30:42,@Umm_Benyamiin @UmmHamza_   Muslimah - of the Ummah
534873245980573696,2014-11-19 00:58:13,http://t.co/2KTa3E7v10
534863616311582720,2014-11-19 00:19:58,RT @UmmHamza_: Be careful with what you give away online brothers and sisters.
534011371902763009,2014-11-16 15:53:27,@umm_muthanna @Seeking4Good243 I know - I'm just having fun with it - just didn't have enough characters to show it :)
534007757305679872,2014-11-16 15:39:05,@Seeking4Good243 @umm_muthanna How can that be haram - they are babies snuggling?  And they are both calicos - and that means both are girls
533764013319274496,2014-11-15 23:30:32,"@UmmJa3far you're kidding, right?"
533097787731496960,2014-11-14 03:23:11,RT @bintlad3n: Akhawat if you ever need anything in shaa Allah Kik me and I'll do what I can to help out-  ibnatuomar
533094910686408704,2014-11-14 03:11:45,@Abubrit Mashallah she's precious.
533093455963369472,2014-11-14 03:05:58,@Abubrit  That's a pretty kitten.  Is it yours?
533055574456668160,2014-11-14 00:35:27,"Every time I read this, it makes me smile :) http://t.co/tOZIErLO9h"
532346711906459649,2014-11-12 01:38:41,RT @UmmHamza_: I'm in a messy situation. Please please please make Dua for me. I really really need it. JazakAllahu Khayran everyone.
532294860322398209,2014-11-11 22:12:38,Mashallah!  I love this photo - so cute. http://t.co/PkP3MfNhOW
532291646466301955,2014-11-11 21:59:52,Thinking about creating an Ask.fm account... good idea or bad idea?  Anyone have any thoughts?
532245912345509888,2014-11-11 18:58:08,@LifeofMujahid2 Mashallah
531973160833646592,2014-11-11 00:54:19,"Remembering the words of Allah swt  ""Do people think that they will be left alone because they say: ""We believe,"" and will not be tested."
531969453664526338,2014-11-11 00:39:35,@AyeshaaB96 @iAbu_huraira Mashallah.  Thank you for posting that.
530845034573492227,2014-11-07 22:11:33,@AlArabi__ @JihadNews14 It says he's suspended.
530376172593741824,2014-11-06 15:08:28,RT @CuteAnimalsBaby: Its okay... http://t.co/mj3BuQ9t1X
529617366834245632,2014-11-04 12:53:14,@KaridaKarida Awww still a kitten.
529437043533705216,2014-11-04 00:56:42,@KaridaKarida She's is so pretty - how old is she?
529422250248650752,2014-11-03 23:57:55,@KaridaKarida What a cute kitty!
527594736547561474,2014-10-29 22:56:02,@Nameless_ukhti I believe that would be Atikah bint Zaid bin ‚ÄòAmr bin Nufail
527493567942787072,2014-10-29 16:14:01,@QueensOfJannah1 I'm sorry to hear about your Pixie.  Beautiful kitty.
527434202753814528,2014-10-29 12:18:07,"@RSeize @ddnomade  Can't resist.  ""Aflac!"""
526868331962585088,2014-10-27 22:49:33,RT @Ibadddd: May Allah accept Abu Dujanah from amongst the shuhadah. They're flocking to jannah üíö
526867080784916480,2014-10-27 22:44:35,RT @RamiAlLolah: And they wonder why #ISIS winning media war.. I bet no one thought of using drone to air report from #Kobane. #Syria http:‚Ä¶
525620301196193792,2014-10-24 12:10:20,"@UmmUssamah11 Inshallah all will be well for you and your family,  You are in my du'aa."
524678617968951296,2014-10-21 21:48:25,RT @khattab_rt_: Follow @AbuDahda Muhajir in Shaam
522392111015276544,2014-10-15 14:22:39,@AbuKhatteb  thank you for posting that.
520358983174217728,2014-10-09 23:43:44,RT @johnbra63937665: Keep going everyone #JusticeForTarik
520303939619524608,2014-10-09 20:05:00,RT @_itaqullah_: Akhawaat don't settle for anything less as Allah preferred them above all.. http://t.co/XMz9wPlzvJ
520027459559759872,2014-10-09 01:46:22,@striving_ukht Recipe right here - and they turn out good.  http://t.co/HLgKgPeSzf
519998202364166144,2014-10-08 23:50:07,"@KashSpeaks mine too.  Beautiful animal, how can anyone do that?"
519988833664765952,2014-10-08 23:12:53,@striving_ukht Sour patch kids are really pretty easy to make as long as you don't care about the shape.
519979285528854529,2014-10-08 22:34:57,RT @JusIbnAbi: I Reward Love with Loyalty and Doubt with Distance. It's never complicated...‚òùÔ∏èüíØ
519276515327238145,2014-10-07 00:02:23,Eid Mubarak to all.  May Allaah accept it from you and us. http://t.co/dK0XGJNtuK
519266138023538689,2014-10-06 23:21:09,@ISILCats  ‚ô• ‚ô° ‚ô• ‚ô° ‚ô• ‚ô° ‚ô• ‚ô° this
519265621339799553,2014-10-06 23:19:06,RT @ISILCats: My Mewjahid luvz me (‚óè¬¥‚àÄÔΩÄ‚óè) http://t.co/leYWKN8mu0
519232420139503618,2014-10-06 21:07:10,RT @rayat_t: No words needed http://t.co/KdeFp4azLM
519232059127390209,2014-10-06 21:05:44,"RT @Abu_Baraa1: IS are not afraid to put all eggs in 1 basket - by the end of this war, either USA is completely broken or IS is."
517039485063028736,2014-09-30 19:53:14,"And we start over once again, insha allah"
