0,40290689,"آدم جَلَاَلِيانِ","adamjalalyan","Arab-Armenian. Interested in developments in Syria and Iraq.",111,29,6,12,"","Pacific Time (US & Canada)","2009-05-15 17:42:26","None"
1,3783608361,"شبكة الحسكة الحدث","alhaskaalhadth","‏اخبارية تهتم بنقل كل حدث في الثورة السورية",911,6,2,246,"","None","2015-09-26 16:26:35","None"
2,4133971299,"M.-_-","jesuisinghimasi","طالبة علم الأحياء--- مناصرة الدولة الأسلامية- ^_^اكره الأستسلام امام الكفار -_-",236,143,1,153,"Amsterdam, North Holland","Pacific Time (US & Canada)","2015-11-07 12:11:13","None"
3,4151851393,"أبو أحمد المهاجر","JN_nsra","بلاد الشام...عبد فقير الي ربه.. تغريداتي تمثلني انا فقط .. إعادة التغريد لا تعني الموافقة بالضرورة علي ما فيها ...حساب رقم 25",901,446,1,84,"","Pacific Time (US & Canada)","2015-11-07 01:05:55","None"
4,3686926701,"عَبد العَزيز ..","_A_lIlI","‏‏‏‏‏‏‏‏‏‏‏‏‏‏‏‏‏‏‏‏‏‏‏‏‏‏‏‏‏‏‏‏‏‏‏‏‏‏‏‏‏‏‏‏‏‏‏‏‏‏‏‏‏‏‏..‏عندماً تشتد بيَ الغربة....أسُافر عبر الزمن أقلب الذكريات والآمال..مَذنب يرجُو رحَمهّ الله ،إني آيب",4024,676,2,570,"","None","2015-09-17 15:29:50","None"
5,4182266289,"Tamim Darry II","DarryTamim","",26,198,0,28,"","None","2015-11-13 23:49:42","None"
6,3439370956,"mariana ɞ","helleb0re_","Cats and Books - Don't follow me if you don't know me - Just friends ❤",192,144,1,867,"","Pacific Time (US & Canada)","2015-08-25 16:11:18","https://t.co/NUvVxHBRPW"
7,3108401481,"Abou Zayd","AbouZayd000008","",147,192,0,399,"","None","2015-03-23 19:54:02","None"
8,626315672,"Ariane Poissonnier","arianepoi","Journaliste depuis 1990, aujourd’hui à Paris @RFI / @FRANCE24 ; auteure d'un Atlas de la #Francophonie et d'un livre expliquant l'#Afrique aux ados.",2918,873,64,3647,"Paris","Athens","2012-07-04 09:27:30","http://t.co/l8iQjw1D45"
9,53059376,"الجزيرة مباشر","ajmubasher","أول قناة تلفزيونية عربية متخصصة في نقل الأحداث المباشرة تحت شعار تلفزيون الواقع الإخباري .. لأحدث وأهم الأخبار تابعونا على حساب الجزيرة مباشر الآن : @ajmurgent",2204857,12,3512,49743,"Qatar","Kuwait","2009-07-02 13:18:34","http://t.co/s1QCCp85Fg"
10,5536782,"قناة الجزيرة","AJArabic","الجزيرة خدمة إعلامية عربية الانتماء عالمية التوجه شعارها الرأي والرأي الآخر، لمتابعة أهم وأحدث الأخبار على مدار الساعة تابعونا على @AJABreaking",6386335,18,16695,162071,"Qatar","Riyadh","2007-04-26 19:33:12","http://t.co/l0QyVGxCDY"
11,243368411,"الجزيرة - عاجل","AJABreaking","تغطية الجزيرة للأخبار العاجلة على مدار الساعة،للاطلاع على التقارير والتغطيات للأحداث على الساحتين العربية والدولية، تابعوا حسابنا  @AJArabic",1706886,15,6175,76086,"Qatar","Riyadh","2011-01-26 22:09:08","http://t.co/TMtiwT0bTq"
12,1617998246,"أبو جعفر المغربل","AboJafarMgarbel","‏ناشط إعلامي في الثورة السورية لا أتبع لأي فصيل عسكري ولا أي تيار سياسي",38632,534,139,6975,"سورية - حمص ","Athens","2013-07-24 15:19:16","https://t.co/Lc2QV5AyYF"
13,3199012414,"ummu rayan ","ummu_rayan","",405,873,2,48,"","None","2015-04-23 19:26:10","None"
14,376805797,"موسى العمر","MousaAlomar","صحفي ومذيع سوري ما أكتبه يعكس وجهة نظري فقط وليس المؤسسة التي أعمل بها . -سليل بني أمية - https://t.co/m2H0fxBXUm",224762,602,1051,31346,"london","Casablanca","2011-09-20 14:38:41","None"
15,3230060548,"Oum ☆","casaouia_oum","",1007,383,5,1822,"Wilayat Twitter","None","2015-05-03 07:28:50","None"
16,3277878087,"| REPORT ACCT |","Mumineenah","Please report this account. Can't deactivate, need to be suspended.",113,92,0,34,"","Pacific Time (US & Canada)","2015-05-17 15:40:07","None"
17,4228699704,"AlFarisa","UmmChattouille","dislikes rape and torture.",367,267,2,712,"","Pacific Time (US & Canada)","2015-11-14 00:08:41","None"
18,593344418,"العراق للإحصاء","IraqSurveys","Nothing is what it seems شباب العراق هم القادة .. نجمع أنفسنا للمستقبل",18430,1435,172,102339,"لكل عراقي اينما كان","Pacific Time (US & Canada)","2012-05-29 04:16:07","http://t.co/pzZRsdxd7y"
19,274422326,"Orient أورينت","OrientNews","Nilesat:11900-27500-V-5/6 Nilesat:11603-27500-H-5/6 Hotbird:11200-27500-H-5/6 Arabsat:11678-27500-H-5/6",104852,10,452,33605,"Dubai, United Arab Emirates","Abu Dhabi","2011-03-30 08:13:52","http://t.co/FF3Okm27d5"
20,775522172,"تنسيقية مدينة تدمر","PalmyraRev1","‏‏‏مؤسسة ثورية تعددية اعلامية تنقل الحقيقة من مدينة تدمر و ريفها للجمهور المحلي و العالمي منذ بدايات الربيع العربي ، منبرها تعددي و ملتزمة بالمبادئ المهنية .",5676,657,60,12506,"Syria - Homs - Palmyra News ","Baghdad","2012-08-23 08:53:29","https://t.co/h4KHwCz1bJ"
21,1477976084,"Alex M.","Alex_de_M","Iraq security analyst. Views my own. RT does not indicate endorsement.",8369,504,348,9292,"","Atlantic Time (Canada)","2013-06-02 18:58:31","None"
22,37182597,"David Thomson","_DavidThomson","Journaliste @RFI correspondant Tunisie/Libye 2011-13 Réal de Tunisie, la tentation du jihad http://t.co/xPF86hHZkM Auteur du livre Les Français jihadistes",62427,919,998,20934,"Paris","Greenland","2009-05-02 11:44:12","None"
23,1628028361,"Romain Caillet","RomainCaillet","Chercheur et consultant sur les questions islamistes",22559,1513,416,19712,"","None","2013-07-28 14:28:22","http://t.co/s5euEZysng"
24,607198443,"Wassim Nasr","SimNasr","- Veilleur-Analyste & Journaliste @FRANCE24 - النّـــــــــاسُ صِنْفانِ: مَوتَـــى في حَياتِـهِمُ / وآخَرونَ -بِـــبَـطْـن الأرضِ أحْــيـــأءُ -",32932,1035,406,30713," RT is by no means endorsing ","Athens","2012-06-13 11:10:50","http://t.co/j4qdmr31HG"
25,524467582,"Wael Essam وائل عصام","WaelEssam77","Journalist ( war correspondent , film maker ) صحفي وكاتب عربي",49743,1387,312,19791,"","Abu Dhabi","2012-03-14 15:46:12","None"
26,2358249146,"أحرار العراق","IQsunni","عراقي سٌني حُر , مهتم بقضايا أهل السُنة و بفضح جرائم الحكومة و الميليشيات",34979,333,130,25035,"Iraq","Baghdad","2014-02-23 17:04:46","https://t.co/FMGQKut8g7"
27,4209579989,"Wife of Shahīd","ommabbass","zawjati @maxabbes4 rahimahullah,  al muhajirāt fi khilafah",318,56,0,13,"الدولية السلامة ","None","2015-11-17 12:12:28","None"
28,3290209467,"Ibn Ahmed ابن احمد","Black_Panther_I","‏‏‏‏بسم الله الرحمن الرحيم",643,107,2,769,"Qatar","Pacific Time (US & Canada)","2015-05-19 17:13:37","https://t.co/tK1g7a8bUc"
29,2859441082,"BeyondTheLevant","TheRealBTL","| Beyond The Levant Podcast | MENA & Geopolitical Commentator. Tweets for historical and documentation purposes.",4560,267,163,6338,"","Eastern Time (US & Canada)","2014-11-03 19:52:04","None"
30,339770545,"مجتهد","mujtahidd","حارث وهمام     mujtahidmail@gmail.com",1447328,77,7106,9430,"الكرة الارضية","Midway Island","2011-07-21 16:43:16","None"
31,538285556,"عبد الباري عطوان","abdelbariatwan","Writer - Author - http://t.co/5LvFoFY8V6 page:http://t.co/mY9eIac3R7",923347,300,2504,10698,"London","London","2012-03-27 16:19:34","http://t.co/Exp2AllgeN"
32,3941650753,"x-nvisor","xnvisors","元さゲーム全般とアニメとパソコンとスマ @xnvisor1  Just for the news around the world. Contact: Passionate advocate for information privacy.",564,164,5,210,"you dont get this","Pacific Time (US & Canada)","2015-10-19 00:57:36","https://t.co/BOYJlUGQ6I"
33,4195026803,"الغريب001","ghareeb_001","",1474,368,5,601,"","Pacific Time (US & Canada)","2015-11-15 15:59:43","None"
34,4248287654,"EPIC","EPlC15","#51-bro",731,58,1,190,"","None","2015-11-15 18:29:47","None"
35,3194756641,"Ahmad Alanssari","alanssari_ahmad","تهتم هذه الصفحة بنشر رسالة التوحيد، وهو حق الله على العباد . على منهج أهل السنة والجماعة وعلى فهم السلف الصالح، وهو المنهج الرباني الذي أمرنا الله تعالى به.",475,840,0,1471,"Arizona, USA","Arizona","2015-05-13 22:00:48","None"
36,472962312,"Rami","RamiAlLolah","Close to Real-Time News, Exclusives, Intelligence & Classified Information/Reports from the ME. Leaked many Israeli strikes in Syria/Lebanon. No BACKUP accounts",26498,169,744,15864,"Read my blog","Stockholm","2012-01-24 13:58:57","http://t.co/oIf3peWbMm"
37,1013888300,"خالد شعبان","Khaled_qahtan","Editor-in-Chief at Radio Sawt Beirut International in Europe Reporting on Syria and Lebanon. RT not endorsement.",67170,60,278,28427,"","Jerusalem","2012-12-15 20:31:10","http://t.co/7wGOeo5kdz"
38,301324445,"جهازالمخابرات العامة","SYRIA_GID","الجمهورية العربية السورية الحساب الرسمي لإدارة المخابرات العامة للثورة السورية مكتب الأمن الوطني General Intelligence Department of the Syrian Revolution",315681,1118,1480,109502,"Syria دمشق ","Quito","2011-05-19 08:33:13","http://t.co/Gl1rmJDo8f"
39,14047387,"The Long War Journal","LongWarJournal","",16116,14,671,3510,"","Central Time (US & Canada)","2008-02-27 07:11:30","http://t.co/pA4j9cRK85"
40,1972216999,"د. عبدالله النفيسي","DrAlnefisi","الحساب الرسمي الوحيد د.عبدالله فهد النفيسي أستاذ العلوم السياسية",812158,0,3297,871,"","None","2013-10-19 16:53:11","None"
41,1512407119,"War Reporter","War_Reports","Reporting, analysing and discussing conflicts and terrorist movements, with a focus primarily on MENA. Senior Terrorism Analyst at the War Reporting Institute.",3887,594,25,3558,"München, Deutschland","Dublin","2013-06-13 04:27:57","None"
42,3656982087,"عبدالله المجاهد","ALMoja_6","‏الوكيل الحصري لاصدارات مؤسسة الملاحم للإنتاج الإعلامي",2420,0,19,19,"جزيرة العرب","Pacific Time (US & Canada)","2015-09-14 21:29:35","https://t.co/tcogEXjlC8"
43,2221304628,"Ali","moreCambridge","",208,62,0,27,"Kuffar don't @ me","Pacific Time (US & Canada)","2013-11-29 11:50:38","None"
44,96083073,"فيصل القاسم","kasimf","الصفحة الرسمية لمقدم برنامج الاتجاه المعاكس بقناة الجزيرة. آرائي وتغريداتي هنا شخصية بحتة. والريتويت لا يعني بالضرورة التبني.صفحتي على فيسبوك:falkasim",2899136,682,7055,58790,"Doha, Qatar","London","2009-12-11 07:53:15","None"
45,2594396728,"بسام جعارة","BassamJaara","من لايقدم الصواريخ المضادة للطائرات لشعبنا فهو خائن أو خائن",148358,555,662,14233,"","None","2014-06-09 08:13:04","None"
46,377920712,"HadidH  حامد حديد","HamidHadeed","محرر الشؤون العراقية في قناة الجزيرة وما أكتبه هنا هو رأيي الشخصي ولا يلزم شبكة الجزيرة التي أعمل فيها",97205,901,463,59922,"Qatar ","Baghdad","2011-09-22 10:24:09","None"
47,860029016,"Gilles N.","VegetaMoustache","Observations et analyses de ce que l'on nomme Cyber Jihad - Adhérent au CCC: Comité Contre les Chats http://t.co/nkakVKmijt",9467,1003,206,9839,"sur une chaise","Amsterdam","2012-10-03 17:15:43","None"
48,3061903485,"Abu Mu'awiyah [DK]","MuawiyahDK","I'm Palestinian from Akka // Tweets in Danish & English// [I'm Anti-Bashar, Anti-Russia & Anti-Everyone, who participating in acts of war in the Middle East]",485,354,0,521,"","Pacific Time (US & Canada)","2015-02-25 13:15:38","https://t.co/C6A3pFYBjD"
49,374316990,"Umm Qaqa alSomaliyah","UmmQaqa","Abandon dms. ‼️",535,332,3,1086,"Ciirka iyo dhulka nobody cares","Belgrade","2011-09-16 03:14:40","None"
50,1073730258,"شؤون استراتيجية","Strateeeegy","strattegy42@gmail.com",286647,1555,1833,8674,"","None","2013-01-09 13:14:14","None"
51,3124181757,"سنجـــريـآت 2","Sunjreat_2","حساب متخصص بتغريدات السلطان سنجر صاحب القلم السيآل الارشيفية اجتهاد من محب له في الله الحساب 2 بعد الحذف . قناة السلطان سنجر بالمفضلة",892,0,1,17,"","None","2015-03-28 16:31:24","None"
52,3431962529,"أسيرات الكويت","Asirat_Q8","",1032,1,1,25,"","Pacific Time (US & Canada)","2015-08-19 20:10:44","None"
53,3806282237,"~عابرة سبيل~","3abera_sabil16","احتياط",147,16,1,0,"","None","2015-09-28 18:16:48","None"
54,3693684497,"النصرة الافريقية","nosraafrikiaa","",1660,333,4,909,"","None","2015-09-18 06:17:16","None"
55,3394552039,"ابو خباب العراقي","ahm7891","",3210,0,5,1,"","None","2015-08-30 16:40:24","None"
56,3019823030,"عَآبِرَة سَبِيــل","abera_sabeel","اللّهـمً شَهـَــادة فِى سَبِيــلك",1286,1167,2,355,"","Pacific Time (US & Canada)","2015-02-14 14:49:14","None"
57,3450017417,"د.عبد الرزاق المساوي","lmous3","",547,29,1,320,"","Pacific Time (US & Canada)","2015-08-26 19:27:55","None"
58,2347474967,"عُبـآدَة ~","M__OBADA","‏لا أُحِبُّ الآفِلِينَ ",1085,114,2,198,"","Bucharest","2014-02-16 20:26:34","None"
59,3226089779,"مُؤسَّسَة ألإيِـمَآن","MD_Emane","مُؤَسَّسَةٌ إسْلآمِيَّةٌ دَعَوِيَّةْ هَدَفُهَـآ التَّوْعِيَةُ وَألتِّبْيـَآنْ شعارنـآ #عِلْمٌ_وَعَمَلٌ_وَدَعْوَةٌ فضلا  الخآص ⛔️",4567,517,3,2050,"","Pacific Time (US & Canada)","2015-05-01 10:36:37","None"
60,3551230463,"عبدالمجيد الأثريّ","abmddss","كفَى المرءَ نبلاً أن تعدَّ معايبُه",1442,288,1,290,"الحساب هدية ","Pacific Time (US & Canada)","2015-09-05 03:11:42","None"
61,3627088580,"راوية يوسف","khaldy9721","‏‏‏‏‏‏أعظمُ آيةٍ في الأندَلُسِأنَ شِعَار آخِر من حَكمها(لا غالِبَ إلا الله)",626,340,1,1117,"","None","2015-09-20 13:08:27","None"
62,2556259503,"⭕™الــمـــرابط™","myfrendleey","‏‏‏‏‏‏‏‏‏‏‏‏‏مـــالك إبن عبدالله إبن عبدالملـــكـأنــا فمن أنت...؟",3991,68,4,607,"","None","2014-05-20 23:57:07","None"
63,2268848376,"أسود اليرموك","imlr4u","ناطق رسمي باسم شهداء اليرموك",634,23,1,53,"","None","2013-12-30 13:20:37","None"
64,3422851438,"Mister Sad Dollar","Coconut_PHD","Mister Sad Dollar living in NYC and working in Wall Street . Peaceful activist , Peace and Love . RT,DM,Tweet,Fav doesn't mean I agree .#freedom_of_speech",1892,1109,11,7114,"Wall Street , New York City .","None","2015-08-14 20:03:32","http://t.co/sbEaKhRXjQ"
65,3751210222,"Bint Stranger","Umm_AbdlWahab","",778,93,2,1432,"Blockistan","Mexico City","2015-09-23 16:36:46","None"
66,1284164774,"فريق المُراسلين","corres_team1","فريق من المراسلين والناشطين المستقلين  في الداخل العراقي والسوري، مصادرنا ميدانية،منهجنا الواقعية والموضوعية والمصداقية .. شعارنا المهنية، لاننتمي لحزب أو جماعة",18028,70,58,1228,"العراق -الشام ","Bucharest","2013-03-20 20:06:36","None"
67,3907116855,"Engineer Salafi","MohandSalafi","Brothers and Sisters All serious talks not on tweets Micro Controller Circuits' , Programming and Digital Electronics related talks DM only. DM open 4 followers",759,19,2,79,"","None","2015-10-09 08:10:11","None"
68,3426955097,"Newscriticus","newscriticus1","Retweeting news from activists about Syria, Iraq, Turkey, Libya, Egypt, Nigeria, and Afghanistan",116,153,2,6189,"","None","2015-08-16 23:27:02","None"
69,3908234667,"Abu al-Qacem Sfaxian","qacem51","One Call.. One Banner..  One Leader",928,13,1,98,"World","Pacific Time (US & Canada)","2015-10-09 11:01:06","None"
70,388415906,"محمد أسعدبيوض تميمي","bauodtamimi9357","",13475,7998,12,846,"","Pacific Time (US & Canada)","2011-10-10 18:18:22","None"
71,962732432,"Muāwiyah","AkhiJibran","CCNP. Interested in Middle East. Muslim Conquests. The love for Shia'a keeps me in blacklist. (Back Again)",666,72,4,921,"Takht-e-Soleymān","None","2012-11-21 17:00:39","None"
72,2468886751,"The White Helmets","SyriaCivilDef","Syria Civil Defence are 2,850 volunteer search and rescue workers from local communities who risk their lives to save others and bring hope. 30,000+ lives saved",14205,7336,389,4785,"Free Syria. ","Baghdad","2014-04-29 06:59:20","https://t.co/q9if1jeMm6"
73,3751484539,"التمش","TrVcer0L1_L","الكذب هو الكفر، والكذب هو واحد من أعظم الذنوب. الحقيقة يجلب راحة البال، والخداع شك",56,52,0,2099,"","Pacific Time (US & Canada)","2015-10-01 20:17:20","None"
74,3963891735,"أبو عبيدة عامر","ibnhazm202","Not affiliated to any violent groups/ organizations. Retweets ≠ Endorsements. Strong supporter of Research and Freedom of Information.",160,99,0,383,"","Pacific Time (US & Canada)","2015-10-15 09:26:58","None"
75,2363144944,"The Last Warrior","JuanPicardia","Against Assad/Putin/Iran insane mullahs/and the whole gang!!",2086,31,22,101207,"","None","2014-02-24 15:41:30","None"
76,2828233279,"أبـو هود #خلافة","SSsami321","سنبقى نناضل وننافح ونعادي ياطواغيت .. جئناكم بالذبح ..",3497,9,13,44,"","None","2014-09-23 14:58:18","None"
77,716256054,"أبُو البـَــــراء","ABO__ALBRA","نِعْمَ الزاد .. تحقيقُ التوحيد!",25635,94,81,2087,"•أعتذر عن الخاص•","Kuwait","2012-07-25 15:28:17","None"
78,3931513173,"حُـمِآة آلَمِكآرمِ","dolte_dolte31","ان الحياة هي الشهادة فغتنمها ياهمام#دولة_الخلافة باقية وتتمدد باذن الله",1159,13,4,36,"#ولاية_الانبار","Pacific Time (US & Canada)","2015-10-11 22:24:03","None"
79,3316164273,"أبو جليبيب الأنغماسي","mooka9999m","تم الدعس على البغل جليبيب اهداء لـ #حمله_جيش_سبام_الدواعش #دولة_ايه_وخلافة_ايه_ياولاد_الهبله",693,529,0,991,"","None","2015-06-09 23:32:35","None"
80,3655505417,"السخنة أم القرى","I_sukhna","‏‏متابع لحروب الشرق اﻷوسط ... لست بمحايد لكنني منصف",1083,723,1,547,"عين الاسلام","None","2015-09-14 18:08:32","None"
81,3264380391,"المهاجر الجزراوي","mmbbkhkhjva","",66,71,0,78,"#ولاية_البركة","None","2015-05-16 22:26:15","None"
82,3665690712,"ابو الوليد السلفي ","om_iq_1","( باحث في شؤون الجماعات الإسلامية ) ما وافق القرآن والسُنّة منهجي ومعتقدي..وأعلمُ أن طريق الحق مزروع بالشوك والصخور واسأل الله أن يعينني على بلوغ نهايته..",2089,1437,3,3,"","None","2015-09-24 02:42:18","None"
83,46752405,"طلحـة الخيـر ☝","abo3ukba10","‏غير رسمي وتغريداتي يمثلني فقط",2457,6,15,26,"#ولاية_حلب","Pacific Time (US & Canada)","2009-06-12 21:24:29","None"
84,3307729826,"مَجزَأة الدِّمَشقِي","Q_CaDm","وَمَنْ تَكُنِ العَلْياءُ هِمَّةَ نَفْسِهِ *** فَكُلُّ الَّذِي يَلْقَاهُ فيها مُحَبَّبُ",3846,51,9,4,"الخاص مُغلق","Pacific Time (US & Canada)","2015-08-06 11:07:58","None"
85,3150129751,"دولاوي شامي","tomer_65","بـــاقـــيـــة ...... ولتسمعنَّ خبرها ولترونَّ أفعالها .",765,248,1,245,"","Bucharest","2015-04-11 16:12:47","None"
86,3662735179,"ماجد اللفتاوي","MajedLeftawi5","حساب المحامي ماجد اللفتاوي . التغريد و إعادة التغريد لا تعني التبني",10212,34,14,2345,"","None","2015-09-23 20:00:51","https://t.co/TnkUuzRq6T"
87,3907587646,"Abu al-Qacem Sfaxian","abul_qacem50","one Call.. one Banner.. one Leader       50th Account",905,85,2,23,"World","Pacific Time (US & Canada)","2015-10-09 09:05:24","None"
88,3964511241,"المحكمة الإسلامية ..","saria19888","المحكمة الإسلامية في حوض اليرموك : الحكم بما انزل الله ونصرة المظلوم ..",518,6,0,10,"","None","2015-10-15 11:02:20","None"
89,3270405650,"بنت الخليفة ","bent195117","",67,24,0,37,"","None","2015-07-06 22:20:56","None"
90,624334932,"Counterattack","meck_van_deeor","Battle of Yarmouk & Battle of Qadisiyyah",2113,43,7,622,"","Pacific Time (US & Canada)","2012-07-02 01:37:25","None"
91,1412324610,"مركز دعاة الجهاد","mujahed_lens_","مركز دعوي مستقل في أرض الجهاد والرباط يهتم بنشر الدعوة والعلم عبر: المعاهد - المعسكرات - الحلقات - الخيم الدعويةللتواصل عبر الإيميلduataljihad@gmail.com",18168,5,70,1249,"","Kyiv","2013-05-08 08:56:51","None"
92,427140763," د.إيمان مصطفى البغا","sydwael","",9427,25,22,45,"","Athens","2011-12-03 05:00:35","None"
93,3633001515,"L'3orwatou l'wothqa","Fjodor_5","Account locked; email blocked; How make account without phone?",455,104,1,2400,"","Pacific Time (US & Canada)","2015-09-12 16:38:44","None"
94,1968008558,"سيناء العز","seena_alezz","نتابع ونوثق جرائم الجيش المصري في شمال #سيناء  #تنويه نعاني من خلل في الدخول للفيس بوك وسنواصل النشر فور حلها بعون الله",25945,1,118,2241,"#سيناء_العز","Casablanca","2013-10-18 02:39:17","https://t.co/282ix7SzjO"
95,3496944504,"الاموي","IllIIIlll1","We do not forgive. We do not forget. #opISIS",3251,8,10,28,"Global","Pacific Time (US & Canada)","2015-09-08 21:11:15","https://t.co/4y6wSWUnsC"
96,3080499920,"Obaida aldolaimy","obeada_aa","‏عبيدة عامر الدليمي ..‏‏‏مسلم من سنة العراق ....اعﻻمي يسعى لنقل الحقيقة ...أكره المجامﻻت وأحب طرح اﻻمور كما هي",10238,503,27,2151,"الفلوجة - بغداد","Bucharest","2015-03-14 11:08:59","None"
97,2508143224,"أبو قتيبه الجزراوي","qwwr113","‏الدوله الاسلاميه باقيه و تتمدد      ولاية نينوى",235,29,0,162,"","None","2014-04-25 10:46:05","None"
98,1381680193,"مؤسسة الأندلس","AndaIus_Media","تنظيم قاعدة الجهاد ببلاد المغرب الإسلامي",854,5,6,129,"","None","2013-04-26 11:14:29","None"
99,2810364189,"Ibn Al-Anbari","sparksofirhabi1","Follow for reminders. No Fancy Pictures, Just Substance.",934,91,1,857,"In Your Thoughts","Pacific Time (US & Canada)","2014-10-06 14:02:59","http://t.co/ybjEJGOy1U"
100,3115441274,"Did you know ?","didyouknowmedia","An Islamic political and historical social media project explaining the hidden world of politics and history.",2249,22,3,113,"","None","2015-03-29 14:08:03","https://t.co/zDEfns0sHR"
101,1388369810,"جماعة بيت المقدس الإ","almakds","‏‏جماعة بيت المقدس الإسلامية العاملة في حوران و الجولان",2899,0,15,185,"","None","2013-04-29 01:35:38","None"
102,3632945236,"أبو يحيى الحموي","AbuYahyaAlhamwi","",16746,6,86,25,"","Pacific Time (US & Canada)","2015-09-12 16:17:05","None"
103,2231905548,"DAILY SABAH","DailySabah","Give us your ear for the latest headlines, special reports and interesting stories from Turkey and the world.",34927,71,424,29354,"Istanbul","Istanbul","2013-12-05 19:08:07","http://t.co/7M88a9ckkF"
104,3434388958," محمد عمر الأفغاني","omaryafghan","جندي من جنود أمیرالمؤمنین الملااخترمحمد منصــــــــور حفظه الله ورعاه، تغریداتي یثملني وهذا حساب غیر رسمي",702,9,5,75,"","None","2015-08-21 15:53:46","http://t.co/z4p4AQigpt"
105,3160263607,"سرية الإقتحامات","uy7uy7","",165,0,0,1,"","None","2015-04-16 22:37:17","None"
106,2445424616,"مؤسسة الأندلس","AL_ANDALUS3","",97,0,1,0,"","None","2014-04-15 13:05:45","None"
107,3031822117,"سرية الاقتحامات","serthem11","",157,1,1,1,"","None","2015-02-19 23:39:01","None"
108,3342180253,"الولاء والبراء","ms3b01","اللهم سخرنا لنصرة دينك واجعل ختام أعمالنا شهادة في سبيلك (الحساب 48)",1119,32,2,203,"","None","2015-08-25 23:01:40","None"
109,1573794956,"منبر الجنة","mB_O_o","يَا حَبَّذَا الْجَنَّةُ وَاقْتِرَابُهَا طَيِّبَةٌ بَارِدَةٌ شَرَابُهَا وَالرُّومُ رُومٌ قَدْ دَنَا عَذَابُهَا عَلَيَّ إِنْ لاقَيْتُهَا ضِرَابُهَا",3597,11,13,106,"","Atlantic Time (Canada)","2013-07-06 22:35:33","None"
110,3678542115,"Colonel Dinar","DinarBro","I'm not a terrorist , just an Islamic Analyst watching events in the ME. Not affiliated with IS or AlQaeda",408,100,1,262,"","None","2015-09-16 21:00:40","None"
111,3711175516,"الحساب مقفل..","wa1_8m","",332,29,1,339,"","None","2015-09-19 21:47:21","None"
112,3322068846,"عطاء","gra7_q","#بغداد صبراً لن يطول ليلُ الظالمين",9337,16,20,328,"","None","2015-08-21 07:49:35","None"
113,888453193,"ماجد الجميلي","Aljumaily70M","",23248,1060,91,30825,"","Athens","2012-10-18 09:26:27","http://t.co/GuXX4RepXS"
114,458301345,"سكاي نيوز عربية-الآن","SkyNewsArabia_B","ترددات القناةhttp://t.co/DY77ZO3E",1853128,48,3777,71225,"Abu Dhabi, UAE","Abu Dhabi","2012-01-08 12:02:58","http://t.co/BoUx26sThV"
115,2365455722,"Gerry Simpson","GerrySimpsonHRW","Senior refugee researcher and advocate, Human Rights Watch, tweeting since March 2014 - simpsog@hrw.org",3960,252,135,2023,"Geneva","None","2014-02-28 11:16:57","http://t.co/12azawHZKr"
116,146958450,"Ragıp Soylu","ragipsoylu","@sabah and @dailysabah D.C. Correspondent #Turkey #IR ragip.soylu@sabah.com.tr",10167,1297,179,30188,"Washington, DC","Athens","2010-05-22 20:28:01","None"
117,2928069980,"أحمد البريدي","ahmadbrede63","نسأل الله العظيم شهادة في سبيله",889,65,2,335,"","None","2014-12-13 04:02:29","None"
118,3475104132,"توحيد3","alyarmook33","‏درعا.. شهداء اليرموك كلامي يمثلني.. ولا يمثل اللواءتابع للمكتب الاعلامي لشهداء اليرموك",1452,7,4,87,"","None","2015-09-06 22:31:20","None"
119,3312192233,"ابو احمدالشامي","11yypp_1234","الاحتياطي 17ريثما يفك الحظر او استمر بهذا",81,128,0,176,"","Pacific Time (US & Canada)","2015-06-07 18:23:36","None"
120,3729426617,"Abu Samurai","AbuSamurai","I'm not a terrorist, Islamic Analyst watching the news around the ME, NOT AFFILIATED WITH IS OR ALQAEDA",669,95,2,331,"","None","2015-09-21 15:21:50","None"
121,3631862423,"أبو أيمن الصومالي","NikoRea_","‏‏‏‏‏‏‏ اللهم إني أسالك برضاك والفوز بالفردوس",1229,75,4,423,"الدولة الإسلاميه","None","2015-09-12 14:03:19","None"
122,3131094215,"abu mishmish","tmustaphash","Silent Observer.",382,121,1,2155,"","Dublin","2015-04-01 17:05:47","None"
123,3043168381,"الكندي SH","shrooori","",2300,141,6,236,"","None","2015-02-26 10:39:05","None"
124,3234455308,"✏️خواطر زوجة شهيد✏️","brhasd_2","*زوجة الشهيد*سيدة الحور وملكة قصورك يا شهيد ف كل السبعين والوصيفات كـ الخدم بجوارها ،، شتان شتان",2003,346,0,306,"الجسم في غربة والروح في وطنِ","Pacific Time (US & Canada)","2015-05-04 22:13:54","https://t.co/yj1Vr7ix1R"
125,456792557,"HalabToday حلب اليوم","HalabTodayTV","مؤسسة إعلامية سورية مستقلة غير ربحية تلتزم المبادئ المهنية، تهدف لإيصال الحقيقة بموضوعية ومصداقية.",80948,1,320,55000,"Halab, Syria","Cairo","2012-01-06 17:26:18","http://t.co/CDHBPi4sln"
126,337063081,"بشار الاسد","bashar__asad","(Parody Account)",111397,324,543,13372,"syria_damascus","Pacific Time (US & Canada)","2011-07-17 11:39:30","https://t.co/2DcnqQfzt1"
127,2709076616,"محمد بقرص","sda_der_alzoor","ناشط إعلامي هدفي هوا نقل الحقيقة",1664,1,9,1392,"","Pacific Time (US & Canada)","2014-08-05 11:26:59","None"
128,870315216,"سوريا عاجل","Syria_Breaking","خدمة للأخبار العاجلة من سوريا ، آخر المستجدات والأحداث على الساحة السورية تتابعونها على سوريا عاجل https://t.co/T3UbmyL8tN",40776,391,193,15589,"","Istanbul","2012-10-09 17:51:20","http://t.co/LFOa64an4K"
129,3226870534,"غرفة عمليات فتح حلب ","Alebo_Free1","الحساب الرسمي والوحيد على تويتر :غرفة عمليات #فتح_حلبوالتي تهدف بعون الله لفتح مدينة حلب ريفها",10070,0,71,394,"سوريا - حلب ","Bucharest","2015-05-01 19:48:45","None"
130,2885554689,"ديرالزور تذبح بصمت","dierezzore","الحساب الرسمي لحملة دير الزور تذبح بصمت لتوثيق انتهاكات النظام وتنظيم داعشWe report on news and atrocities comitted by Assad's regime and ISIS in Deir ezzor.",6018,32,33,3297,"ديرالزور","Nairobi","2014-11-20 12:58:20","https://t.co/YoGskJTrxw"
131,3194821229,"معركة النصر","alnasr_sy","الحساب  الاخباري لنقل مجريات معركة النصر في ريف ادلب لتحرير منطقة جسر الشغور . اسألوا لله لنا الثبات",3158,12,13,629,"ادلب . جسر الشغور ","Belgrade","2015-04-22 13:45:23","None"
132,3224175404,"دولاوية وافتخر","Sbranyanfsy","اللهم افتح لاخواننا المجاهدين",970,73,0,4129,"","None","2015-05-23 11:32:59","None"
133,3298422817,"الـوَحيد القحطاني","asd_gahtan700","(إنها لحياة طويلة أن آكل هذه التمرات)....مسافر يرجو الوصول أناخ جمله حتى يأذن الله)☝️....أزدي.... #العراق حسابي الثلاثون بعد الحذف",606,113,0,1634,"","None","2015-07-27 18:42:15","None"
134,3325565876,"فوائد علمية","ms_1983_ms","‏‏إياكم وهدايا الفجار والسفهاءفإنكم إن قبلتموها ظنوا أنكم قد رضيتم فعلهمحسابنا على الفيس{فوائد علمية}وانستقرام {@ms_1983_ms}رابط القناة على التلغرام↓↓↓",1259,2617,0,100,"","None","2015-08-23 03:32:49","https://t.co/T0z7qSLyuN"
135,3773505197,"ابو الدرداء #خلافة","YazeedDhardaa26","Observing a news Jihad mainly about Islamic State.",371,20,2,9,"","Pacific Time (US & Canada)","2015-09-25 18:03:32","None"
136,2196494912,"Abu Dujana","mhteeg105","",241,100,2,80,"","Pacific Time (US & Canada)","2013-11-15 19:22:23","None"
137,2894010902,"khalilray21","khalilray21","Born in Detroit. Palestinian,Muslim. not associated",420,1556,4,263,"","None","2014-11-08 18:04:08","None"
138,230758716,"محمد مختار الشنقيطي","mshinqiti","إسلامي بأفق إنساني، من إخوان الإخوان المسلمين وبقايا المؤمنين بالربيع العربي.أستاذ الأخلاق السياسية وتاريخ الأديان بكلية قطرللدراسات الإسلامية. كتبي ورسائلي هنا",240949,728,1345,28041,"","Baghdad","2010-12-26 15:51:31","http://t.co/3NTBZzu2PE"
139,25049177,"فرانس 24 / FRANCE 24","France24_ar","قناة فرانس 24 الدولية للأخبارhttp://t.co/uLUPHR28vi",3410460,1054,5507,117226,"باريس، فرنسا","Paris","2009-03-18 09:24:42","http://t.co/MOwBwbAMu5"
140,3601015033,"Shaykh Dollar","ShaykhDollar","Come get your fatwa! $50 limited time only! While oil stocks last",137,236,0,0,"","None","2015-09-18 03:46:15","None"
141,2454248887,"مداد  -  لايغرد","medad_med","عبد أثقله الذنوب والمعاصي",315,29,2,68,"قناة اليوتيوب","Pacific Time (US & Canada)","2014-04-20 05:19:34","https://t.co/7wUuRqlD0W"
142,3397204367,"أبو بكر البرقاوي","baker_barqaa","طالب علم _ مناصر لدولة الخﻻفة",4398,39,5,171,"","Pacific Time (US & Canada)","2015-07-31 14:42:52","None"
143,3290458596,"مسلمة الخير","Maslma1429","‏طويلب علم، محب العلماء والشهداء..",4882,1974,6,207,"","Pacific Time (US & Canada)","2015-07-24 17:10:44","None"
144,2822503590,"لويــس","23lo11","بدأت الخلافة الراشدة بقتال الصديق رضي الله عنه للمرتدين ولن تعود إلا من هذا الطريق مهما ادعى الحالمون عكس ذلك",7820,178,19,676,"جميع المقالات","Eastern Time (US & Canada)","2014-09-20 18:40:40","http://t.co/KUgpNjReRT"
145,3570522629,"BlackGlass","__BlackGlass_","Hicbir grup, dusunce ile ilgisi olmayan,sadece Turkiye nin cevresinden haber paylasan hesap...",2328,667,17,4498,"Guangxi","Arizona","2015-09-06 22:20:53","None"
146,2814033164,"ام ابراهيم المهاجرة","Mutawahhidah","‏زوجة شهيد",188,31,0,190,"Dawlat ul-Islam","Bucharest","2014-09-17 02:10:19","None"
147,71516564,"RT Arabic","RTarabic","اخر اخبار العالم العربي. آراء المختصين. تقارير من موقع الحدث. تعليقات المشاهدين. صور للاحداث. كل ذلك على موقع RT Arabic",1655404,61,4616,218620,"Moscow","Volgograd","2009-09-04 11:52:42","http://t.co/w9PcUL65x0"
148,35428478,"Daily News Egypt","DailyNewsEgypt","Egypt's Only Daily Independent Newspaper in English",189348,5,3255,48185,"Egypt","Cairo","2009-04-26 07:56:24","http://t.co/9N3xospUdF"
149,2786983077,"وكالة قاسيون للأنباء","QasiounNewsAR","وكالة أنباء سورية مرخصة",3604,2,26,31258,"Gaziantep, Türkiye","Kyiv","2014-09-27 11:22:07","http://t.co/zpagSjggFg"
150,3384774531,"WaddaH Salman's","SJazayri","Anti-Injustice - Anti-Terrorisme -Anti-Hypocrisie - Anti-SahaWates",467,44,3,99,"Par-ci Par-la Mais Toujours La","None","2015-07-20 18:59:11","http://t.co/uL5QC8os3m"
151,14401607,"Blogs of War","BlogsofWar","National Security, intelligence, & tech news. Home to the @CovertContact #Podcast. One of @TIME's Top 140 Twitter feeds of 2014.",92507,3126,3861,198914,"","Central Time (US & Canada)","2008-04-15 21:56:19","http://t.co/ytIBLpFR3X"
152,637339298,"عاجل السعودية","3ajel_ksa","‏‏أخبار داخلية..ومتابعات دولية..لحظة بلحظة..جرأة ومصداقية..وسرعة في النقل..(صوت المواطن..ونبض الشارع)- تواصل معنا ‎‎‎‎@3ajelksa1 -",1678137,2,2929,52382,"","Riyadh","2012-07-16 22:36:29","None"
153,268428038,"مركز حلب الإعلامي","AMC_SY","مركز حلب الإعلامي مؤسسة إعلامية ثورية تجمع عدداً من الصحفيين والناشطين الإعلاميين في #حلب بغية الإرتقاء بإعلام الثورة والعمل على تحقيق أهدافها",16554,1,146,29501,"syria","Cairo","2011-03-18 19:11:02","http://t.co/WBmFfUV3w1"
154,335455570,"Reuters World","ReutersWorld","Your source for top international news and analysis.",100050,157,3045,81455,"NYC","Quito","2011-07-14 18:20:37","http://t.co/JbUVLhI6K3"
155,1363909070,"Live From Somalia","Tuuryare_Africa","Freelance journalist, reporting, #AlShabab, Politics, & growing #Jihadi Ideology|Tuuryare10@gmail.com|RTs/ MTs ≠ endorsement. NIYAXUMO NOLOL KU MA DHISMATO!",3421,34,69,14846,"Mogadishu-Somalia","Nairobi","2013-04-19 08:28:06","None"
156,2547827340,"الخليج أونلاين","AlkhaleejOnline","موقع إخباري متخصص بالشأن الخليجي",94806,0,270,81523,"London, England","Istanbul","2014-06-05 10:13:19","http://t.co/qpBd9Q53IT"
157,3352507107,"منشق عن حزب الله","mahdi13203505","",76220,123,309,2441,"أحرار حزب الله","None","2015-06-30 23:32:39","None"
158,17839398,"Kenneth Roth","KenRoth","Executive Director,Human Rights Watch",138548,720,3556,36792,"New York","Eastern Time (US & Canada)","2008-12-03 15:55:20","http://t.co/qNGRw7kDhZ"
159,2887695019,"عيد المرزوقي","marezogy","من يملك ذرة من عقل. لا يذهب بالجيوش الي الصحراء",19336,1630,108,7244,"سيناء ","Nairobi","2014-11-02 17:07:47","None"
160,1930624009,"عربي21","Arabi21News","مصداقية الخبر، دقة التحليل، إطلالة على الصحافة الغربية ... http://t.co/UAzXE6bryL",147944,2,851,136511,"","Jerusalem","2013-10-03 12:42:01","https://t.co/RQXt4MA5uV"
161,2916570227,"Barbarossa","AbouHawwa","Old school ikhwani, Celto-Viking muslim & History lover.",1290,384,15,11701,"Balad al-Franj","None","2014-12-12 00:12:55","https://t.co/BqOcWdQg6l"
162,26792275,"Foreign Policy","ForeignPolicy","The magazine for global politics, economics and ideas. Follow our staff: http://t.co/yooJXshDh7",719317,457,16624,35394,"","Eastern Time (US & Canada)","2009-03-26 16:57:01","http://t.co/2sRF45vWBX"
163,2157882025,"TahrirSy تحرير سوري","TahrirSy","Tahrir Souri: Covering the news of the Syrian war. We tweet in Arabic and in English. RT ≠ Endorsement. Arabic Website:  http://t.co/9DS0qNVJLx",8346,313,288,10792,"Syria","Casablanca","2013-10-27 02:00:27","http://t.co/CUXvzERVor"
164,3416634072,"عطاء/لا يُغرد ","q_gr7_","",1521,0,4,3,"نفوسٌ معطاءة","None","2015-09-01 16:49:11","None"
165,3300266397,"أبو عمر الفلسطيني 4","Hajnfnbsgg","‏‏الحساب الرابع بعد الحذف أبو عمر عضو المنتديات منذ أيام الفلوجة لليوم ومشرف في العرين حاليا أمثل نفسي",6319,628,24,2804,"","None","2015-05-27 10:37:00","None"
166,562411383,"أبو مالك الأزدي","anas96692","",166,120,0,197,"","Pacific Time (US & Canada)","2012-04-24 20:49:54","None"
167,3311811560,"دولة الخلافة","Dawla_Khelafa24","‏قَدْ كانَت لَكُمْ أُسْوَةٌ حَسَنَةٌ فِي إِبْرَاهِيمَ وَالَّذِينَ مَعَهُ إِذْ قَالُوا لِقَوْمِهِمْ إِنَّا بُرَاء مِنكُمْ وَمِمَّا تَعْبُدُونَ مِن دُونِ اللَّهِ",659,126,2,734,"","Pacific Time (US & Canada)","2015-08-10 21:12:13","http://t.co/PF5QLRlsCZ"
168,533503118,"abu layth","abumaysarah_","The Prophet ﷺ said, A Muslim is the one who avoids harming Muslims with his tongue and hands. [Bukhari]",36,37,2,9,"","Pacific Time (US & Canada)","2012-03-22 21:05:56","None"
169,46442765,"Mete Sohtaoğlu","metesohtaoglu","Journalist,researcher,(Global Jihadi Movements,#Turkey, #MENA,teology,International Affairs)(EX News Editor-Producer @ CNN TURK, NTV)",9697,1859,265,18188,"Istanbul - Turkiye","Athens","2009-06-11 17:46:21","https://t.co/g2HP03JHJg"
170,1880307554,"عمر","onthatpath3","Kik [abu.dirar] A nobody blessed to be in the blessed land.",2026,115,27,2986,"","None","2013-09-18 17:44:02","None"
171,3179302134,"جلال . الفريد 5","alfrid_5","لا عدل إلا إن تعادلت القوى وتواجه الإرهابُ بالإرهابِ",5851,326,21,246,"","None","2015-04-29 13:42:27","None"
172,3293626592,"أبو دجانة ","hesssab041","",1187,2,1,5,"","None","2015-07-25 21:06:42","None"
173,3236864702,"شهداء اليرموك","shohdaa340","",126,0,0,2,"","None","2015-06-05 10:49:37","None"
174,578013958,"مثنى حارث","muth69_dr","http://t.co/guI3pWgC80",26316,445,125,8996,"","Baghdad","2012-05-12 12:27:33","http://t.co/baqDsG1kND"
175,2607643136,"تركمان بارح الحدث","turkman_barh","",1308,74,5,2254,"","Kyiv","2014-07-06 15:06:22","None"
176,3240183558,"سيناء 24 NEWS","newsinai24","لسنا صحفيين لكن واقعنا فرض علينا نقل معاناة أهلنا، كثيرا ما ننقل أخبار عن مقتل أقاربنا وهدم منازلنا - ثق تماما بما نكتبه لحرصنا على الصدق أكثر من سرعة نشر الخبر",9724,9,60,1244,"شمال سيناء, مصر","Pacific Time (US & Canada)","2015-06-08 21:28:25","None"
177,3037220219,"Mohammad Basbous","freealeppo1985","صحفي اغرد من حلب اعمل مع مركز حلب الإعلامي تغريداتي تعكس رأي الشخصي فقط",3534,572,23,1731,"Syria, Aleppo","Belgrade","2015-02-14 17:25:16","https://t.co/s3DGTYMTgR"
178,570547844,"Edward Lemon","EdwardLemon3","PhD Candidate interested in Tajikistan, religion and security. Re-tweets are not endorsements.",964,612,55,9215,"Moscow, Russia","None","2012-05-04 05:07:24","http://t.co/glhgybcGK7"
179,2702982318,"ابو حنين الحمصي","hhor88","",435,262,0,97,"","None","2014-08-03 02:48:56","None"
180,3249357924,"أبو جندل الحايلي","R_T_HX__11","‏#الدولة_الإسلامية    #ولاية_الرقة     الحساب 9",1186,21,5,67,"","None","2015-06-19 02:57:55","None"
181,161646312,"حجاج الدمشقي","s_p_g_9","‏عبد فقير ذليل إلى الله غني عزيز به جندي من جنود الخلافة أيدها الله بنصره #ولاية_دمشق",2470,60,14,337,"أرض الخﻻفة","Pacific Time (US & Canada)","2010-07-01 11:22:38","None"
182,2809323206,"Dr Erdoğan","drerdogan_001","",945,323,6,5238,"","Kyiv","2014-09-14 11:59:33","None"
183,3547301129,"أبي خديجة","kadegah56","",134,3,1,0,"","None","2015-09-04 18:24:23","None"
184,3430221496,"دقةياشيخ الله ايطربك","dagadarna","بايعناخليفة المسلمين ابى بكرالبغدادي علي السمع والطاعه في المنشط والمكره والعسر واليسر وأن لاننازع الأمر أهله الاأن نرى كفرابواحا عندنافيه من الله برهان",1762,4,3,403,"#ولاية_برقة","None","2015-08-18 17:11:25","None"
185,575661707,"ياسر الزعاترة","YZaatreh","كاتب ومحلل سياسي يكتب في عدد من الصحف والمواقع منذ عام 86، لاجئ من مواليد مدينة  أريحا/ فلسطين عام 62",538172,251,2214,56720,"","Jerusalem","2012-05-09 20:43:41","http://t.co/yFmnM5qq7d"
186,3316465538,"أم ريان ","Muhaajirah_","Muhajirah in the blessed land of Khilafah :)",465,12,4,57,"الدولة إلاسلامية","None","2015-08-16 03:35:58","None"
187,605502759,"محمد الجميلي","MdUbaida","مدير قناة الرافدين الفضائية  ///  ما أكتبه هو آرائي وعلى مسؤوليتي فما كان صواباً فمن الله وما كان خطأً فمن نفسي وأستغفر الله منه",49158,858,269,35320,"","Pacific Time (US & Canada)","2012-06-11 13:30:42","https://t.co/OVx8yH7Vzl"
188,3448740255,"ابو الدرداء #خلافة","YazeedDhardaa25","Observing a JIHAD NEWS mainly about Islamic State.",731,17,2,129,"","Pacific Time (US & Canada)","2015-08-26 16:43:21","None"
189,2596645092,"b. Yahyā al-Maghrībi","Tawheed4all","❝O you who believe! Protect yourselves and your families from the Fire whose fuel will be people and stones (idols).❞ Al-Qurān [66:6]",1450,11,3,672,"XXX","Paris","2014-06-30 17:22:36","http://t.co/8bF2k2BlsB"
190,3429609819,"عمر القريشي ","YggffYtfgh","صفحة الكاتب عمر القريشي",903,20,0,30,"","None","2015-08-18 10:19:28","None"
191,3035469719,"أبو عبدالله تفتناز","mostafta77","((‏‏‏‏‏‏‏‏‏‏‏‏‏ ماانشره يمثلني ))القيادة العسكرية للواء الحق ‏",10920,120,54,751,"","None","2015-02-13 21:18:40","None"
192,2296818823,"صدى التوحيد","SadaAltwhed","مؤسسة  صدى التوحيد  للإنتاج الإعلامي : هي مؤسسة إعلامية ( جهادية دعوية ) تبتغي نصرة دين الله والدفاع عن المجاهدين عامة و مجاهدي الشام خاصة .",121837,1,127,7226,"أرض المحشر والمنشر","Kyiv","2014-01-17 21:41:32","https://t.co/wWouEhPwTg"
193,42853269,"Imran Khan","ajimran","Al Jazeera English correspondent reporting on The Middle East and South Asia. Consulting detective. Scourge of the confederacy of dunces.",11869,950,503,12960,"Doha","London","2009-05-27 10:04:32","http://t.co/HW5gXHMvue"
194,244152633,"Zeina Khodr","ZeinakhodrAljaz","Senior correspondent, Aljazeera English",17671,595,716,9267,"","None","2011-01-28 16:48:08","https://t.co/pKR6OHRN2y"
195,3074954447,"ابو مصعب الصومالي","Hadimallathaat","‏‏اللھم ارنا الحق حقا وارزقنا اتباعہ وارنا الباطل باطلا وارز قنا اجتنابه                               https://t.co/KWE85GGug0‎‎",955,98,7,800,"Unknown, Bithnillah ","Pacific Time (US & Canada)","2015-03-06 14:46:16","None"
196,2936144831,"أبو مالك الشامي","abumalek_ql","‏إن كلماتنا ستبقى ميتةً لا حراك فيها هامدةً أعراساً من الشموع، فإذا متنا من أجلها انتفضت و عاشت بين الأحياء، كل كلمة قد عاشت كانت قد اقتاتت قلب إنسان حي فعاشت .",5095,4,29,14,"شام الجهاد والرباط","None","2014-12-22 00:18:25","http://t.co/sAhokFCfEX"
197,320521917,"أس الصراع في الشام","asseraaalsham","فأما الزبد فيذهب جفاءً وأما ما ينفع الناس فيمكث في الأرض",18577,94,85,2971,"","Kuwait","2011-06-20 02:11:34","None"
198,3435501292,"AbuQaQa Britani Afro","AfroQaqaisback","kik & surespot- Qistheword",1255,16,6,14,"","None","2015-08-22 13:12:40","None"
199,3327360542,"Bint Emergent","bintemergent","",1307,1025,8,4750,"Titan World","Pacific Time (US & Canada)","2015-08-23 22:49:15","http://t.co/5vFZRH7l0e"
200,306374118,"MOHAMMED","m_mondass","",9313,421,100,64968,"","Quito","2011-05-27 19:28:27","None"
201,277587469,"Oryx","oryxspioenkop","Oryx Blog. Authoring: The Armed Forces of North Korea, on the path of Songun.",2837,127,159,3624,"","Monrovia","2011-04-05 17:35:05","http://t.co/Lm52SfBde9"
202,2445145434,"The Libya Observer","Lyobserver","Welcome to The Libya Observer on Twitter. Your source for comprehensive and feature coverage of Libya daily news.",3274,62,79,4426,"Tripoli","Rome","2014-04-15 08:59:11","http://t.co/fLZv6VEIVD"
203,3092227743,"بنغازى الان","tariqgibrel","بنغازى حكاية عز ياجاهلها..أقرء عليها قبل وأنشد هلها..بنغازى جبل صوان..تكسر عليها    مراكب الطغيان..أقرء عليها عندها برهان تاريخها يشهد بزين عملها..أنشد عليها",11077,193,36,22498,"بنغازى","Pacific Time (US & Canada)","2015-03-16 03:27:55","http://t.co/QH5WBusVhP"
204,2172040267,"بوابة الوسط","alwasatnewsly","Libya's International voice --صوت ليبيا الدولي",43139,460,150,55087,"Libya","Casablanca","2013-11-03 11:45:56","http://t.co/G9ThZ60i71"
205,3301858470,"ابو خطاب الانباري ","Didis77006887","اللهم انصر الدولة الإسلامية في العراق والشام اللهم ثبت أقدامهم",1137,64,1,184,"","None","2015-07-30 23:56:21","None"
206,1132233186,"Radio AlKul","RadioAlKul","أخبار سوريا الميدانية والسياسية والاجتماعية والاقتصادية",1549,63,11,17346,"","Baghdad","2013-01-29 22:05:36","http://t.co/xBM5XiGyVB"
207,3188178715,"شبكة أخبار القلمون5","qaraqara2015","",1569,36,3,8248,"","None","2015-05-07 23:01:41","None"
208,2923076301,"الموصل نيوز m.n.n","NinawaNews","مغرد من قلب مدينة الموصل الابية, أنقل لكم الصورة من مدينتي أولاً بأول , ومهتم في قضايا اهل السنة في كل مكان",10216,20,25,914,"الموصل ","Nairobi","2014-12-15 16:06:05","None"
209,2154321236,"Umm Fatima","Ummfatima777","Dutch/English/French - 7th account",1542,369,4,2256,"Maghreb","Pacific Time (US & Canada)","2013-10-25 06:51:14","None"
210,494025869,"أحرار الشام","Ahrar_Alsham2","الحساب البديل",143835,5,585,3812,"","Athens","2012-02-16 12:56:35","http://t.co/JW8DLtR9Pm"
211,2832479888,"Hassan Ridha","sayed_ridha","RT =\= Endorsement",8803,636,276,31812,"Tartous, Syria","Jerusalem","2014-09-26 03:22:33","None"
212,3432138119,"#لا_يُغرد","SamiOmerNew","الحساب موقوف ،حسابنا الحالي :  @Samireturn",112,114,0,117,"","None","2015-08-19 23:04:47","None"
213,418854161,"Hannibal","Hannibalum","Aut viam inveniam aut faciam",494,851,20,5524,"Carthago","Ljubljana","2011-11-22 17:11:08","None"
214,778141800,"دراسات إيرانية","iranandarab","نهتم بسياسة ايران والاحداث الداخلية والتدخلات الايرانية في الشأن العربي ولا ننسى أهلنا في الاحواز المحتلة وأخواننا البلوش والاكراد . يٌديره:عايد الشمري",103313,311,530,7339,"iranandarab@gmail.com","Riyadh","2012-08-24 13:08:26","None"
215,3050023423,"Abdulqahar Balkhi","balkhi_a","Reporting on everything related to Islamic Emirate of Afghanistan in English",3976,17,39,1225,"Balkh, Afghanistan","None","2015-02-28 14:35:56","http://t.co/EYz3XChtK2"
216,3245639372,"zabihullah mujahid","Zmujahid1","",3687,13,14,700,"","None","2015-06-15 03:29:40","None"
217,3288302876,"zabihulla.mujahid","ZabihullaM","",3836,16,23,2357,"","Pacific Time (US & Canada)","2015-07-23 04:09:53","None"
218,1731434252,"Mirwais Afghan","Miirwais","Freelancer reporting missing bits of news, mostly insurgency related, about Afghanistan (re)tweets≠endorsement",5271,19,84,804,"","Kabul","2013-09-05 09:44:29","None"
219,128869368,"عبد الله الوزير","Alvizier","مراسل معتمد لدى اللجنة الإعلامية لإمارة أفغانستان الإسلاميةAuthorized Correspondent by Information Committee of IEA",12451,12,97,2114,"إمارة أفغانستان الإسلامية","London","2010-04-02 12:55:12","http://t.co/zrnh6MXsZX"
220,3207376169,"فلوجه العز ","alamer124meme","",1808,76,2,912,"","None","2015-04-25 19:19:59","None"
221,604818734,"الشيخ علي الخضير","alial5ther","صفحة خاصة بنشر فتاوى وفوائد وآخر أخبار الشيخ العلامة علي بن خضير الخضير - فك الله أسره شاركنا في نشر علم الشيخ.. #علي_الخضير , حساب ابنه فهد @t111t20",14143,1,46,441,"","Baghdad","2012-06-10 20:33:38","None"
222,416960482,"الشيخ سليمان العلوان","solimanalwan","صفحة خاصة بكلام الشيخ الحافظ المحدث الفقيه سليمان بن ناصر العلوان فرج الله عنه وعن جميع المظلومينملاحظة:التغريدات الأصلية فقط من كلام الشيخ باستثناء الردود",52965,2,163,1928,"","Riyadh","2011-11-20 10:32:38","None"
223,605254694,"الشيخ ناصر الفهد","sh_Nasser_Fahad","الشيخ ناصر بن حمد الفهد..حافظ للكتب التسعة..له مؤلفات كثيرة..سجين منذ عام ١٤٢٣ لمواقفه ضد الحملة الصليبية..كل ما أكتبه منقول من مصنفاتهhttp://t.co/4kOhrcmh7q",3797,0,14,175,"الحاير","Kuwait","2012-06-11 09:03:13","None"
224,509876336,"حمود بن علي العمْري","Alkareemiy","انصرالسنة مااستطعت الى ذلك سبيلا، وحارب البدعة بيدك ولسانك وقلبك",55777,484,316,40021,"","Baghdad","2012-03-01 07:49:33","None"
225,423817285,"عبدالملك العلوان","abdulmalekalwan","عبدالملك بن سليمان - يُقاد للسجن من سب الزعيم ومن سب الإله فإن الناس أحرارُ",82120,11,337,2262,"","Kuwait","2011-11-28 23:55:12","http://t.co/6ddHnEwiRG"
226,3147807231,"ﷲ MILLATU IBRAHIM ﷲ","EbshiruGhuraba","“Whosoever Allah ﷻ wishes good for, He gives him understanding (fiqh) of the Religion.” ~ Prophet Muhammad ﷺ Retweets/Following ≠ Endorsements",994,8,2,274,"Dunya","Pacific Time (US & Canada)","2015-04-08 13:01:22","None"
227,254727295,"Arab Fury","Arab_Fury","It is time for the Muslims to be strong once again. Never again must we ever compromise our Islam for anyone or anything.Backup Account: @Arab_Fury8",3090,178,87,13925,"","Sydney","2011-02-19 21:51:38","None"
228,1015920074,"Marco Arnaboldi","marco_arnaboldi","MA student of Int'l Relations & researcher on jihadism, political Islam, MENA issues. Contributor @ispionline @cafegeopolitico.طالب وباحث مهتم بالإسلام السياسي",541,1923,12,1120,"","Ljubljana","2012-12-16 19:32:40","http://t.co/pgH5XyGklJ"
229,3400468925,"Anti-Sahwa","anti_sahwa","Be careful of the Sahwa. They are very dangerous enemy to islam.",1003,23,2,86,"","Pacific Time (US & Canada)","2015-08-02 20:01:08","None"
230,3426142847,"ابـو مـصعب الـدرناوي","Abu_Musab_26","‏‏‏‏‏‏‏(جـنـدي فـي دولـة الـخـلافـة) الان الان جــاء الـقـتـال /ولـشـيخ مـدوا الايـادي وبالـبـيـعـة غـيـضـوا الاعـادي",1883,46,4,341,"#ولايـة_بـرقـة / درنــة","Pacific Time (US & Canada)","2015-08-16 15:57:22","None"
231,86667713,"Umm Luqman","amatu_rahmaan","Say, O My servants who have transgressed against themselves [by sinning], do not despair of the mercy of Allah . Indeed, Allah forgives all sins.",639,178,1,102,"Wilayah Nineva ","Pacific Time (US & Canada)","2009-11-01 05:38:20","None"
232,606767056,"Abdul-Aziz al-Tarifi","Altarefe_En","The official English account of Shaykh ʿAbdul-ʿAziz al-Tarifi. All tweets published are of Shaykh al-Tarifi (Admin)جميع ما ينشر هنا ترجمة لتغريدات الشيخ",20652,6,92,4527,"Riyadh, Saudi Arabia","Riyadh","2012-06-13 00:36:15","http://t.co/tK6LUkg2o2"
233,54507492,"#المرصد_السوري #SOHR","syriahr","الصفحة الرسمية للمرصد السوري لحقوق الانسان  Official site of the Syrian Observatory for Human Rights#المرصد_السوري#SOHR",31200,303,573,100081,"syria","London","2009-07-07 10:22:25","http://t.co/cvjE2pikBC"
234,64961224,"د. كريستوفر ديفيدسون","dr_davidson","Teaching politics at a university in England. Author of #AftertheSheikhs (OUP, 2013) http://t.co/UwTwLu1dBo Facebook:   http://t.co/dDaKaf9k2Q",138836,9796,808,17496,"Britain","Abu Dhabi","2009-08-12 06:32:01","http://t.co/diQZSQLY5G"
235,50586354,"Radio Sawt Beirut","SawtBeirut","Official Account of Radio Sawt Beirut International. Latest News from the Middle East and updates from #Syria #Lebanon http://t.co/X8MZJW513U",21894,46,82,24989,"Malmö, Sweden","Athens","2009-06-25 07:59:41","http://t.co/rOfwLCl9em"
236,3409114233,"Militaire S.F.","__ArgentFlame","Tweeting about ME.  In Turkish and English. Usual disclaimers.Suriye, Irak ve TR'den haberler, yorumlar, söylentiler.",463,37,6,274,"","Pacific Time (US & Canada)","2015-08-08 20:46:37","None"
237,3008489691,"مستبصر","harlanamato","",265,879,2,1027,"","Pacific Time (US & Canada)","2015-01-31 21:34:04","None"
238,3074777062,"Umm Talha","Somaliyyah","Who hears the verses of Allah recited to him, then persists arrogantly as if he had not heard them. So give him tidings of a painful punishment. Quran {45:8}",1682,158,2,3604,"Cave","Dublin","2015-03-06 12:33:28","https://t.co/SJaaSTk5IC"
239,3305304258,"Generation Awlaki","Jizyasoon","You must make the intentions of joining the ranks of the mujahideen. -Imam Anwar Awlakī rahimahullah",2081,302,7,52,"Heart of Green Bird","None","2015-08-03 17:32:45","None"
240,3347257221,"Yusuf Al Britani","YusufAlBritani","#4th Online Geek. Curious and Passionate",1054,538,8,1166,"","Dublin","2015-06-27 06:51:28","None"
241,428289491,"هلموا هلموا","dpgrdffdd_popo","formerly @daeshi_popo, @daa3sh1 @dawlahman@no2coconuts and more. Will concentrate on news from IS, AQ, their allies and from S. Asia",466,130,0,341,"Dar al Harb","Pacific Time (US & Canada)","2011-12-04 15:40:29","http://t.co/ngJDYxEPFf"
242,2342068546,"Hamza Abu Hamza","ElderHamzah","Son Of Islam On Education And Research purpose (Muslim World Affairs)",282,137,4,651,"niger area","None","2014-02-13 21:22:54","None"
243,3387766055,"Naser El Shari3a","NaserElShari3a","Your Security Matters || أمانك مهم",265,355,1,1062,"Earth","Pacific Time (US & Canada)","2015-07-22 18:40:02","https://t.co/RblsGptLog"
244,3429405196,"Mad Mullah ","majertenyyyi","Poor slave whom Allah enriched him with tawheed..... for Hijrah for advice",2059,155,5,1324,"Islamic State","Pacific Time (US & Canada)","2015-08-18 03:54:26","None"
245,290530096,"Haykal Bafana","BaFana3","Gardener, thinker, lawyer in Yemen from Singapore. هيكل بافنع | أبو هود الحضرمي",14770,608,591,50730,"Sanaa, Yemen & Wadi Hadhramaut","Riyadh","2011-04-30 12:43:20","https://t.co/io53hjgnWK"
246,256930894,"خبر عاجل","3ajel_News","حساب خبر عاجل الأول في تويتر .. أول وأكبر حساب إخباري متخصص في نشر الأخبار العاجلة والحصرية على مدار 24 ساعة .. للتواصل: e3lan1122@gmail.com",4589569,22,6517,91910,"","Quito","2011-02-24 10:55:29","https://t.co/fqD76neNJk"
247,3380148273,"Umm Qaasim","UmmQaasim__","#FreeAseer",399,70,4,6,"","None","2015-07-17 11:12:20","None"
248,3321936346,"ابو جبريل","abujibreell","Prophet ﷺ said: Let not fear of the people prevent one of you from saying the truth if he knows it. ● [مسند أحمد بن حنبل ١١٤٥٩]",437,116,0,204,"طنجة ","Pacific Time (US & Canada)","2015-06-12 22:52:37","None"
249,1013943368,"أ.د. عبد الله الشمري","JAlArb","باحث سياسيٌّ وتأريخيٌّ من أعراب طيئ. رحلت إلى بادية ستوكهولم تاركًا ناقتي في بادية العرب، وهنا أشاكس الطواغيت وأذنابهم، وأناصر المظلومين، ولا أركن إلى الظالمين.",51456,361,361,10507,"جَزِيرَةُ الْعَرب المُحْتَلَّة","Stockholm","2012-12-15 21:11:33","None"
250,3307561529,"سليل المجد","Saleel_m_12","#جندي_الخليفة_الكرار",3046,111,9,88,"#ولاية_اليمن_وبلاد_الحرمين","None","2015-06-03 23:22:32","None"
251,3341531475,"أبو حذيفة البرقاوي ","Barqawi19","دولة الخلافة الاسلامية في ليبيا الأبية",639,137,1,225,"","Pacific Time (US & Canada)","2015-06-22 15:40:29","None"
252,3312511147,"الولاء والبراء","msab4is","‏‏اللهم سخرنا لنصرة دينك واجعل ختام حياتنا شهادة في سبيلك (الحساب 43)",1084,60,3,256,"","None","2015-08-11 13:54:16","None"
253,3433329796,"al-Janabi","Irhabaljanabi","Just a simple Iraqi who cares for the opressed.",947,212,1,140,"","Pacific Time (US & Canada)","2015-08-20 20:49:54","None"
254,2752581300,"ArabFreee","ArabFreeeeeeeee","‏‏‏‏‏‏‏‏عاشق للحرية و الكرامة. سلامي إلى غزة الصامدة الأبية وإلى سوريا الجريحة و إلى عراق العروبة. اللهم أحفظ القدس و المسجد الاقصى. انا لا اتبع لاي جهة او طرف",3532,797,10,46691,"","Paris","2014-08-21 17:15:41","None"
255,809791471,"جهازالمخابرات العامة","SyrianSS","الحساب الاحتياطي للمكتب الاعلامي ل #جهاز_مخابرات_الثورة الحساب الرئيسي ( @syria_Gid ) http://t.co/cPIisU8bMS",8995,16,39,550,"SyrianSS","Arizona","2012-09-07 23:26:41","http://t.co/V30N86YBBo"
256,598570343,"زياد السنجري","zyaad_alsenjary","صحفي ابحث عن الحقيقة وانقلها بامانة رأيي يمثلني وليس بالضرورة يتطابق مع وجهة نظرك",11637,59,71,2199,"","None","2012-06-03 18:59:09","None"
257,2758545430,"xxxxxx","abcdeffghhjjjgf","",192,215,3,1578,"","None","2014-09-01 19:27:46","None"
258,18025377,"Michael Weiss","michaeldweiss","Daily Beast Senior Editor, CNN Contributor, Editor http://t.co/0DD5r707ze, Co-author of NYT Bestseller ISIS: Inside the Army of Terror: http://t.co/OaFyeP2txU",37639,2226,1680,71879,"New York","Central Time (US & Canada)","2008-12-10 18:01:28","http://t.co/0DD5r70FoM"
259,469509327,"Charles Lister","Charles_Lister","Visiting Fellow, @BrookingsDoha & Senior Consultant, The Shaikh Group.US-UK dual national. Author - The Syrian Jihad (https://t.co/31tFdt2Oj9)  #Syria #Iraq",32471,1156,1442,14423,"Doha / Istanbul / DC / London","None","2012-01-20 17:35:08","http://t.co/VHr56uwQAa"
260,1218385602,"الشيخ سليمان العلوان","alalwan111","‏‏‏‏‏‏‏‏‏‏‏‏‏‏‏‏‏‏‏‏‏‏‏‏‏فتاوى وفوائد وحكم وأقوال الشيخ العلامة سليمان بن ناصر العلوان. نقوم الآن بتصحيح كتاب(بلوغ المرام)  التصحيح في المفضلة",9554,8,41,1117,"","None","2013-02-25 12:50:15","http://t.co/tLt5iGByXf"
261,2207359797,"مكتبة الشيخ العلوان","snalwan","مكتبة الشيخ الحافظ المحدث سليمان بن ناصر العلوان حفظه الله (فتاوى- فوائد- كتب- رسائل- دروس- محاضرات) *انستقرام: https://t.co/H4lGk6lqT8*الكتب في المفضلة",8935,6,37,398,"","Baghdad","2013-12-04 12:46:37","http://t.co/eBF5tyvEyj"
262,2824092619,"فتاوى العلوان","al3lawan70","حساب يُعنى بنشر فتاوى فضيلة الشيخ المُحدِّث/ أبي عبد الله سليمان بن ناصر العلوان - حفظه الله - .",15790,3,58,1481,"","Pacific Time (US & Canada)","2014-09-21 11:32:01","None"
263,14866593,"وكالة مسار برس","MasarPressNet","وكالة أنباء سورية تتبع شبكة مسار الإعلامية، أسستها مجموعة من الإعلاميين والصحفيين السوريين في أكتوبر/تشرين أول 2012م",18322,1,196,35075,"","Istanbul","2008-05-22 09:46:30","https://t.co/K42Pgyyo"
264,2814332148,"أبو محمد الصادق","AbuMohamadSa","",22107,12,102,383,"","Riyadh","2014-09-17 06:37:20","None"
265,52032722,"BBC Arabic بي بي سي","BBCArabic","BBC Arabic official account الحساب الرسمي لبي بي سي العربية - تابعو أيضا حسابنا للأخبار العاجلة @BBCArabicAlerts وحسابنا عبر تيليجرامhttps://t.co/lRk29zMvoi",2317036,225,4175,66574,"London, GB","London","2009-06-29 11:47:36","http://t.co/TvMNRt13Gx"
266,259606982,"تنسيقية درعا المحطة","Daraa_Mahata","نقل أخبار مدينة درعا بكل تفاصيلها وكل خبر بلحظته - لتكون العين المراقبة https://t.co/7wjs6cnYJ0",8990,177,52,58446,"Syria -Daraa","Cairo","2011-03-02 06:34:56","None"
267,278486086,"آلاء  درعا ","Alaa_syr","ثورتنا منصورة",7676,438,84,12046,"","Pacific Time (US & Canada)","2011-04-07 11:16:28","None"
268,265904510,"الجزيرة مباشر الآن","ajmurgent","Official Al Jazeera Mubahser News account آخر وأهم الأخبار تتابعونها عبر هذا الحساب",535345,10,3648,92644,"","Cairo","2011-03-14 09:49:44","http://t.co/s1QCCp7xPI"
269,1039209776,"عاجل - العراق","iraqi_spring","شبكة أخبار عراقية مستقلة An Independent Iraqi News Network",93697,109,243,4965,"","Baghdad","2012-12-27 09:13:09","None"
270,3293589279,"ابنة  الصِّدِّيقةِ","90momo1","يقول الله تعالى :  وَلِلَّهِ الْعِزَّةُ وَلِرَسُولِهِ وَلِلْمُؤْمِنِينَ وَلَكِنَّ الْمُنَافِقِينَ لَا يَعْلَمُونَ",2249,420,6,402,"","None","2015-05-22 03:25:18","None"
271,497788324,"ANADOLU AGENCY (AR)","aa_arabic","الحساب الرسمي لوكالة الأناضول للأنباء",238981,8,1463,133648,"İstanbul, Türkiye","Istanbul","2012-02-20 10:58:32","http://t.co/HmbdNIurOu"
272,3161789036,"أبو الوليد السلفي  ","kateb11_2010","( باحث في شؤون الجماعات الإسلامية ) ما وافق القرآن وسُنّة منهجي ومعتقدي..وأعلمُ أن طريق الحق مزروع بالشوك والصخور واسأل الله أن يعينني على بلوغ نهايته. @om_iq_1",19558,1750,46,6183,"","Bucharest","2015-04-18 02:23:57","None"
273,722939971,"FIRAS AF","FIIIIII2015","احفر نفق ب مسمار ولا تتناقش مع حمار, انواع الحمير: ١-صفوي ٢-صحوجي ٣-وطني ويعبد هبل السيستاني ٤-حذاء للمرجعية ويطالب بدولة مدنية",12951,219,34,13471,"","Krasnoyarsk","2012-07-28 22:37:51","None"
274,293245266,"zamanalwsl","zamanalwsl","‏جريدة  زمان الوصل الالكترونية  سورية مستقلة   تأسست عام 2005  في مدينة  حمص",22603,3,164,45582,"","Quito","2011-05-05 00:51:20","https://t.co/bmbm1s4ywT"
275,982161786,"طلحة المسير","talha1331","",870,21,11,579,"","None","2012-12-01 09:15:43","None"
276,1638861247,"الكتيبة الخضراء","K_ALkhadraa","‏‏الحساب الرسمي لـ الكتيبة الخضراء في بلاد الشام /للمراسلة :",24626,1,144,108," alkatebaalkhadraa@gmail.com","Baghdad","2013-08-01 20:56:00","https://t.co/UJzmHI7Avy"
277,3293834699,"عبدالملك الحمّاد","thaewruf","ماضٍ؛ بين أنّات وألم!.",2426,53,10,107,"","Pacific Time (US & Canada)","2015-05-22 09:38:35","None"
278,2163857634,"الوعي الإسلامي®","Alwa3iAlislami","نسعى لتقديم الحقيقة في صورتها الموحِّدة الحية المعايشة لتطورات الحياة وتفاعلاتها في مختلف المجالات، رأيي أعرضه ولا أفرضه",20926,533,76,626,"جميع أنحاء العالم","Pacific Time (US & Canada)","2013-10-30 01:20:12","https://t.co/9HBQ7JYmDa"
279,3387876417,"جند اﻷقصى","jond_aqsa4","‏الحساب الرسمي  لـ جند الأقصى في بلاد الشام",14410,1,76,126,"","None","2015-07-22 20:16:06","None"
280,1917476466,"عزام الشامي ..","azamshame","‏‏‏‏‏‏‏‏اللهم شهادة ترضى بها عني ...فذنبي كبير وزادي قليل",9147,180,46,2792,"","Baghdad","2013-09-29 16:14:16","None"
281,1340202776,"عدسة أحرار الشام","Ahrar_lens","‏الحساب الخاص بنشر الصور من أرض الجهاد",20738,6,122,449,"","Pacific Time (US & Canada)","2013-04-09 20:58:37","None"
282,3286033110,"قلم جزراوي","gzrawym","",1577,22,1,486,"","None","2015-07-21 04:02:07","None"
283,3111807184,"عَلى بَصِيْرَة","BaaSerah","مركز بحثي ومعرفي يهدف إلى أن تكون الأمة  على بصيرة (نهتم بتأصيل وترشيد الرؤى الإسلامية المعاصرة وبترجمة وتلخيص التقارير والمقالات السياسية الأجنبية إلى العربية)",6449,0,59,522,"اِقْترح تقريرا لترجمته وتلخيصه","Azores","2015-03-24 21:50:18","None"
284,171246505,"ياسمين شامي ","1cnocello","الحساب متوقف لا يغرد",594,307,0,1004,"","Pacific Time (US & Canada)","2010-07-26 22:35:19","None"
285,594911229,"وجدي غنيم","WagdiGhoneim","الاميل الخاصgwagdy@gmailالقناة الرسمية https://t.co/9NVeNg3mjqالفيس بوك الرسمي https://t.co/wUjRUlGlBO",70073,22,374,5451,"Egypt - Turkey","Cairo","2012-05-30 19:11:23","http://t.co/UcYGQHzz3f"
286,943487838,"أبو سفيان الشامي","abosofyan7","حركة أحرار الشام الإسلامية اللهم انصر مجاهدي الشام على النصيرية و أذناب الشيعة اللئام -",10038,485,43,2466,"بلاد الشام","None","2012-11-12 13:04:15","None"
287,1240553701,"الاعلامي محمد جاسم","Mohamadjaasem","|الحساب الرسمي| #للاعلامي_محمد_جاسم ناشط اعلامي ميداني من حمص _The official account of the Aalama_mamed_jasm member of Reporters Without Borders @RSF_RWB",27798,86,141,10951,"Damascus, MD","Athens","2013-03-04 05:08:35","https://t.co/Hz2z7WhVpu"
288,150157132,"Sakir Khader","sakirkhader","Journalist for Dutch daily newspaper de Volkskrant Focus on conflict areas in the MENA region sakir.khader@volkskrant.nl",14259,753,399,5025,"Amsterdam|Middle East","Amsterdam","2010-05-31 06:46:33","https://t.co/JA4ttnKnBJ"
289,3378461249,"Battlefield Watch","BA77LEFIELD","Civil Engineer. Interested in MENA News.",926,441,2,1053,"Frankfurt, Germany","Pacific Time (US & Canada)","2015-07-16 07:45:28","None"
290,3293604601,"عقل حر (مسلم موحد).","oz__r4","‏اقبل الحق ولو من طفل وارفض الباطل ولو من شيخ جليل.",639,82,1,96,"بلاد الله الواسعة","None","2015-07-25 20:30:48","None"
291,3311423425,"،","2121Aziiz","لئِن شَحَّ العطاءُ فنحنُ للدينِ الأضاحي .",192,57,0,211,"","None","2015-08-10 11:05:50","None"
292,5402612,"BBC Breaking News","BBCBreaking","Breaking news alerts and updates from the BBC. For news, features, analysis follow @BBCWorld (international) or @BBCNews (UK). Latest sport news @BBCSport.",19246784,3,113431,26511,"London, UK","London","2007-04-22 14:42:37","http://t.co/vBzl7LOaso"
293,942766321,"بلال البريدي","bbloveys","",42,39,0,2,"","None","2012-11-12 03:38:04","None"
294,384120146,"عمر .. الحكومة≠الوطن","oamaz7","أحلم بـ ( و ) وأطمح لـ ( إ ) وأسير مع ( ح ) وأبحث عن ( ص ) وأسعى كـ ( ث ) وأحب ( م ) وأقدم #برنامج_فتنة ،، ألقاكم على خير كونوا أحرارًا. لا للبلوك ٧/٧/٢٠١٥",145728,2614,801,62050,"MTL . PIN:540E56C2 snap:oamaz7","Eastern Time (US & Canada)","2011-10-03 03:19:57","None"
295,138706071,"عبدالله العلي","CyberkovCEO","CEO of Cyberkov | A Professional Cybersecurity Firm. الرئيس التنفيذي لشركة سايبركوف للأمن الإلكتروني | محقق وخبير بأمن المعلومات.Сиберков Генеральный Директор",338812,356,2904,11201,"Kuwait","Kuwait","2010-04-30 10:07:52","https://t.co/sbhdZPHSNk"
296,2312256456,"الصحفي سهيل المصطفى","SuhailMostafa74","‏‏‏‏ناشط وإعلامي مستقل في الثورة السورية ريف دير الزور المحرر لا أمثل إلا الثورة السورية #الرتويت لايعني بالضرورة الموافقة على مضمون التغريدة #سننتصر_بإذن_الله",7360,266,30,25669,"سورية - دير الزور","Athens","2014-01-26 18:13:42","https://t.co/MdcgiXpO3W"
297,1965943478,"| Muhajabah |","BurkaAvenger15","My first ghanima account.",51,2,0,4,"United Arab Emirates","Eastern Time (US & Canada)","2013-10-17 02:43:23","None"
298,1652541,"Reuters Top News","Reuters","Top and breaking news, pictures, and videos from Reuters.",9760971,1039,97350,131680,"Around the world","Eastern Time (US & Canada)","2007-03-20 17:46:05","http://t.co/BmHxhkm3Mh"
299,52463390,"عثمان المختار","othmanrishd","أن تكون حر فهذه سلعة غالية عليك تحمل تكاليفها..الحياد خيانة في معركة الحق ضد الباطل؛كاتب وصحفي عراقي/مدير مكتب صحيفة العربي الجديد بالعراق ما أكتبه يمثلني فقط",16015,246,77,1902,"London","Cairo","2009-06-30 17:48:15","None"
300,3288035645,"مركز الرقة الاعلامي ","raqqa_rmc7","نحن مجموعة من الناشطين نقوم بالتغطية الاعلامية الكاملة في مدينة الرقة من نشر اخبار وصور وفيديوهات",4726,413,4,114,"https://twitter.com/raqqa_rmc7","Pacific Time (US & Canada)","2015-05-18 07:20:17","None"
301,3112074728,"أبو محمد الحوراني","amer_alhoob93","",17,0,0,0,"","None","2015-03-28 03:43:13","None"
302,3332417614,"شبكة بلدي الإعلامية","baladinetwork","",1800,0,5,9214,"","Istanbul","2015-06-18 10:13:56","None"
303,400166228,"Ahmad Jibril ","ahmadmusajibril","‏‏خريج الجامعه الاسلاميه بالمدينة - ثم ماجستير قانون من أمريكا Graduate of Islamic University in Medina & Masters Degree in Law/ from USA",38265,0,103,1865,"","None","2011-10-28 16:09:01","None"
304,55258021,"د. ناصر التميمي","nasertamimi","أكاديمي وباحث بشؤون الطاقة  -  متابع مثابر لشؤون الحركات الإسلامية  -  الرتويت أو التفضيل لا يعني الموافقة على المضمون.  RT & Favorites not endorsement",21480,1964,90,19394,"My Home","Jerusalem","2009-07-09 14:57:30","https://t.co/91MSIzdEtI"
305,3322480335,"TheGermanMusel","TheGermanMus","",361,211,11,7641,"","None","2015-06-13 07:05:04","None"
306,3321643900,"ميسر بن علي القحطاني","abo_hmza_g","‏‏‏فلست أبالي حين أقتل مسلماً ----على أيّ جنبٍ كان في الله مصرعي .حب الأنصار من الإيمان .",27577,472,132,8304,"شام الملاحم_إدارة الصفحة ","None","2015-06-12 19:57:41","https://t.co/Sy5Vel1Rpn"
307,701705767,"أحداث الصومال","somali_Events","صفحة إسلامية مستقلة مهتمة بأخبار الصومال والعالم الإسلامي غير تابعة اي حزب أوتنظيم   -الخاص مغلق- الإيميل مفتوح Email: ahdhath2015@gmail.com",12732,343,52,2430,"","Casablanca","2012-07-17 20:17:38","None"
308,2592082228,"أبوبكر السُّوداني","AbuBakrAlSudani","(‏‏لأجاهدن عداك ما أبقيتني ... ولأجعلن قتالهم ديداني)(ولأفضحنهم على رؤوس الملا ... ولأفرين أديمهم بلساني)",553,40,0,3029,"No Endorsements","None","2014-06-08 13:09:12","http://t.co/EmNWdXDteF"
309,3254775860,"عبدالرحمن القرشي","A_ALI_ALQURASHI","‏‏‏||عبدالرحمن بن علي بن مالك القرشي||     ‏قبسات من العلم والجهاد..#سوانح الفكر ، وخواطر الهجرة#",6027,168,10,86,"#دولة_الخلافة","Pacific Time (US & Canada)","2015-06-24 16:18:55","None"
310,3133322871,"Adam","adamkh_1983","",84,119,0,1390,"","None","2015-04-04 11:04:09","None"
311,616353890,"World War II History","WW2Facts","Amazing facts, pictures, articles & videos regarding all that was World War II. I do not own these photos. -- ww2facts1@gmail.com #History #WW2 #WWII",32873,3700,468,2411,"","Eastern Time (US & Canada)","2012-06-23 18:37:52","http://t.co/z0oelfowqI"
312,873743168,"ماجد الراشد أبو سياف","aboo_saif_1","‏داعية من الجوف ضاقت به بلده بسبب ‏#عنف_الطغاة‏ فهاجر إلى الشام‏الطغاة والغلاة أعداء الشعوب",37019,222,182,7371,"","Kuwait","2012-10-11 14:40:54","None"
313,575954382,"Joel Wing","JoelWing2","Iraq analyst at Musings On Iraq Blog",5522,182,292,38975,"Berkeley, CA","None","2012-05-10 02:51:30","http://t.co/bl4DIyywcM"
314,3220778323,"وكالة أعماق ","a3maaqnews_3","",13814,0,40,37,"","None","2015-05-19 20:28:20","None"
315,229599399,"Micah Zenko","MicahZenko","Senior Fellow at CFR: http://t.co/mlNqjstB5a My opinions; RT not endorsements. FB: http://t.co/l2OXwsI5kc New book--Red Team: http://t.co/LBSRM75YnS",17617,225,806,10489,"New York, NY","Eastern Time (US & Canada)","2010-12-22 20:40:21","None"
316,562484019,"أبو قدامه الجولاني","Zedan125125","‏احمل هم واحد .... كيف ارضي الله",1112,236,4,1060,"isis","None","2012-04-24 22:52:53","None"
317,3185515261,"أبو محمد المقدسي","lmaqdese","قوام الدين بكتاب يهدي وسيف ينصر وكفى بربك هاديا ونصيرا",35411,0,164,1749,"أكناف بيت المقدس","Jerusalem","2015-05-04 17:50:28","http://t.co/fzCFbeuK0I"
318,627886667,"العقيد رياض الأسعد","riyadhalasaad","مؤسس وقائد الجيش السوري الحرمن اوائل المنشقيين عن الجيش السوري النظاميهدفنا وغايتنا تحرير سوريا ورفع راية الحق وأقامة العدل بعون الله ارجو عفو الله ورضاه",338906,138,1126,15381,"الحساب الرسمي لقائد الجيش الحر","London","2012-07-06 00:45:32","None"
319,3343294456,"أبو عبدالقهّارالحسني","twhed22","{وَمَن يَرْغَبُ عَن مِّلَّةِ إِبْرَاهِيمَ إِلَّا مَن سَفِهَ نَفْسَهُ}طالب علم شرعي ،من أهل البيت رضي الله عنهم ،مُشتغل بكتب أئمة الدّعوة النّجديّة،مالكي المذهب",11599,91,24,1630,"","Pacific Time (US & Canada)","2015-06-23 22:42:05","http://t.co/9PBETnQ63L"
320,27970210,"Pieter Nanninga","pieternanninga","Assist. prof. Middle Eastern Studies, University of Groningen | jihadism, media and violence | tweets in personal capacity | (R)T/follow/fav. ≠ endorsement",3675,364,89,770,"Groningen, The Netherlands","Amsterdam","2009-03-31 21:41:38","http://t.co/5FlMHibkR8"
321,3120649431,"Step News Agency","Step_Agency","شبكة اعلامية مستقلة تهدف لنقل الحقيقة كما هي عن طريق مراسليها المنتشرين في الداخل السوري",8981,0,33,6564,"Syria","Bucharest","2015-03-27 06:39:48","http://t.co/GS9wJOy8BE"
322,3161328500,"أبو عبيدة الغريب","aba7752d558","ما أكتبه يمثل رؤيتى الشخصية فقط...اللهم شهادة تبلغنا بها الفردوس الأعلى",7069,213,24,977,"أرض الشام","Azores","2015-04-17 15:49:17","None"
323,2242894397,"الشيخ أبو قتادة","sheikhabuqtadah","‏ننشر ما يصدر عن الشيخ أبي قتادة حفظه الله",43413,101,185,2776,"","Casablanca","2013-12-25 08:17:44","https://t.co/xrItZ3Wwd3"
324,2806722163,"أبو جابر الشيخ","AbuJaberSh","",49023,47,197,193,"","Pacific Time (US & Canada)","2014-09-13 03:51:06","None"
325,2764212021,"الناشط الحر القلموني","free_qalmoon","‏‏مدير المكتب الإعلامي في جرود القلمون الغربي",5668,585,28,2180,"syria","None","2014-09-07 19:55:03","https://t.co/ocppIT7pF4"
326,2966964991,"جلال الفريد3","A12Jalal","لا عَدْلَ، إلا إنْ تعَادَلَتِ القوَى وتَواجه الإرهابُ بالإرهاب ...",904,16,8,0,"","Nairobi","2015-01-08 18:10:24","None"
327,511422643,"كتيبة التاريخ","mhmdhafiztw","أكتب عن التاريخ، أسرد حقائق لا آراء، لا تستأذن قبل الاقتباس، استخدم (جوجل) قبل طلب المصدر، استغراب المعلومة لا يعني عدم صحتها، دخولي غير منتظم",83163,73,626,1066,"تركيا","Athens","2012-03-02 05:33:53","None"
328,375867837,"Kirk H. Sowell","UticensisRisk","Uticensis Risk Services: Arabic-language services/MENA risk analysis. Focus Iraq, Levant, GCC. See @uticensisarabic for tweets in Arabic (mostly Iraq & Levant)",6797,236,306,30429,"Amman, Jordan ","Quito","2011-09-18 21:45:35","http://t.co/PEuJGfmTYo"
329,3716904075,"أبو الهاشمي الليبي","alhashmily","",1170,48,2,316,"","Pacific Time (US & Canada)","2015-09-20 11:02:37","None"
330,865437098,"دكتور هاني السباعي","hanisibu","مدير مركز المقريزي للدراسات التاريخية بلندنhttp://t.co/LXnY4EzbgDhttps://t.co/ohi6DTvNgg",100190,66,538,4552,"","None","2012-10-06 23:02:24","None"
331,2823073610,"خطاب الحائلي 3","katab_hail3","‏‏تقبلك الله يا حبيب القلب",821,10,3,16,"#الدولة_الإسﻻمية","None","2014-09-21 00:45:51","None"
332,1092828240,"سُنِّيّ","Justtruth2005","قوامُ الدين بكتابٍ يهدي وسيفٍ ينصر",1234,110,0,1529,"","Nairobi","2013-01-15 18:08:42","None"
333,66591836,"CNN بالعربية","cnnarabic","World Wide News Leader, in Arabic https://t.co/U1V8ei6LDz  https://t.co/PhIonVHtAy",4752855,196,8191,78416,"Dubai, United Arab Emirates","Abu Dhabi","2009-08-18 04:10:21","https://t.co/MoYiMmClID"
334,4126930519,"LOCKED","BintRose67","O you who have believed, if you support Allah , He will support you and plant firmly your feet.{47;7}",207,92,0,32,"","None","2015-11-04 19:01:04","None"
335,4055350673,"الخطيب الاموي","KhateebAlUmawi","International Relations//Strategic Studies//MENA-EU History and Politics",533,40,2,556,"","Pacific Time (US & Canada)","2015-10-27 19:02:43","None"
336,3298469303,"أخبار أنصار الشريعة","ASNewss3","‏‏الناقل الرسمي لأخبار أنصار الشريعة في جزيرة العرب - الحساب الرسمي",3498,0,23,52,"جزيرة العرب","Pacific Time (US & Canada)","2015-05-25 21:33:12","https://t.co/tcogEXjlC8"
337,3530168112,"علي بن حمد العرجاني","AboHassan1123","أبو حسن الكويتي من أرض الشام جماعتي جماعة المسلمين ومنهجي الكتاب والسنة متبع لفهم سلف الأمة",7761,260,44,1719,"","Pacific Time (US & Canada)","2015-09-11 20:12:15","None"
338,2517163674,"Agathocle deSyracuse","deSyracuse","Historian, anthropologist, international politics, armed conflicts, currently focusing on #Syria and #Iraq civil wars. Tweets in English and French",10234,661,432,4233,"","None","2014-05-23 07:25:04","http://t.co/XiSt0Zqc0B"
339,3902879843,"Aleppo24","24Aleppo","مجموعة من النشطاء لتغطية الأخبار والإنتهاكات في حلب",1246,1,17,402,"","Pacific Time (US & Canada)","2015-10-08 21:11:47","None"
340,4128023782,"خرائط","IraqSyriaMaps","حساب خاص بنشر خرائط سير المعارك والسيطرة في كل من العراق وسوريا وبقية البلدان العربيةنسعى لاستقاء المعلومة من مصادر مختلفة لنوصل لكم أدق الخرائط",888,1,8,8,"العالم العربي","Pacific Time (US & Canada)","2015-11-06 16:15:26","None"
341,3918795077,"ابو بكرالليبي","x190isisa","",529,1,1,2,"","None","2015-10-10 13:49:53","None"
342,4016561234,"أبو زبيدة العراقي","algna____","",2094,22,1,300,"","Pacific Time (US & Canada)","2015-10-25 19:38:24","None"
343,3817941681,"الشاهين المهاجر 13","alshahn13","من ليبيا برقه",331,529,2,269,"","Pacific Time (US & Canada)","2015-09-29 20:52:32","None"
344,3946783589,"سرت_الخلافة","alkaramiahmed2","حسابي عدد 2",220,114,1,156,"ليبيا- ولاي _طرابلس ","Cairo","2015-10-13 13:27:02","None"
345,3272959765,"آٍبُوَحًمٌزُهً","HshGahd","أبراج استراتيجية",4504,4265,5,256,"","Pacific Time (US & Canada)","2015-07-09 12:05:21","None"
346,2892751323,"أسامة القرشي","osmaelqrash","يتم حذف التغريدات بإستمرار تجنباً للحذف ! شاهد هادا الفيديو وافهم من هم العملاء.؟  https://t.co/6gahvZahd7",1263,201,2,180,"","Pacific Time (US & Canada)","2014-11-26 01:10:37","None"
347,3883220968,"ولايـــة الجنــوب","aljanob85","‏‏‏‏‏‏‏‏‏‏**‏‏‏ولايـــة الجنــوب** ارض اللطيـــفـيه منبــع الرجــال ومصـنع الابطــال",2777,92,1,312,"مــن ارض ** الخـــــــلافـه **","None","2015-10-06 19:14:30","None"
348,3323514579,"Fiqh Al Waqi'","fiqhalwaqi","Journaliste, Chercheur en Fiqh Al Waqi'.",1419,913,9,893,"City of London, London","Pacific Time (US & Canada)","2015-06-13 19:53:18","None"
349,858270110,"الدرر الشامية (news)","eldorar1","تغطية لحظية لكافة الأحداث السورية فور وقوعهاhttps://t.co/kg5180vrhk",57346,1,317,136332,"","Baghdad","2012-10-02 15:51:02","http://t.co/hEmxZxt4rx"
350,3547376173,"موصلنا ونحبها ツ","Mosulnawnhebha","صفحة الموصل الرسمية والتي تبث من ارض الموصل فقط ... تابعوها تعشقوها لانها من الموصل تبث لأهلها",5594,0,7,801,"mosul","Baghdad","2015-09-13 08:44:39","https://t.co/zGOtznaOoq"
351,71298686,"ISW","TheStudyofWar","Institute for the Study of War  |  Military Analysis & Education  |  Retweet≠endorsement  |  Reach us at press@understandingwar.org.",34032,2019,1499,6520,"Washington D.C.","Eastern Time (US & Canada)","2009-09-03 16:45:28","http://t.co/ITfF10kTx7"
352,3389557840,"IUCA","IUCAnalysts","Institute for United Conflict Analysts. RT ≠ EndorsementContact for GIS compatible data",5305,8,206,117,"International ","Pacific Time (US & Canada)","2015-07-23 16:44:31","http://t.co/PMpN09Gefy"
353,4149699864,"NowresR","NworseR","A sunni from Iraq where my people are being massacred and the world is supporting those who kill them..",1736,198,6,144,"Iraq","None","2015-11-06 20:42:27","None"
354,3431869383,"ابو حفص العراقي","isis_al1","مختصر طريق الجنة .. #الجهاد في سبيل الله",1290,39,4,91,"الدولة الإسلامية","Pacific Time (US & Canada)","2015-08-19 19:33:50","None"
355,95020525,"أبو عاصم المقدسي","AL__Quds","",1468,350,2,7537,"القدس ( لا شرقية ولا غربية )","Jerusalem","2009-12-06 15:48:37","None"
356,2569620646,"عمر الفاروق ","aboammerhane","الان",569,45,4,360,"ولاية البركه","None","2014-05-28 20:22:01","None"
357,3453930972,"Ayoub","ayoub82_","A Muslim, husband, and father of three beautiful kids.",252,140,0,358,"Earth","Pacific Time (US & Canada)","2015-09-05 01:16:49","None"
358,573843471,"أرض الهجرتين","arthalhjrten","",2489,6,4,136,"","Athens","2012-05-07 16:09:44","None"
359,4136451980,"أبو هارون الماليزي","abhalmal_06","",200,131,1,288,"","Pacific Time (US & Canada)","2015-11-05 15:48:06","None"
360,4023650849,"Abduba","abduba_abduba8","",102,171,0,117,"","None","2015-10-23 10:55:35","None"
361,4020329601,"المقدسي","makdici1970","الجهاد في سبيل الله هو التجارة الرابحة والطريق الصحيح للوصول للجنة",254,13,0,19,"","None","2015-10-22 23:58:42","None"
362,3478748732,"طاحن الصحوات11☝️","mahsud117","الدوله الاسلاميه ...باقيه وتتمدد..... على منهاج النبوه بأذن الله",2678,206,4,2600,"","None","2015-09-07 06:11:02","None"
363,4107398534,"أبو محمد الحمصي 47","seefo47","#القريتين",902,32,1,565,"","None","2015-11-03 00:45:10","None"
364,4069438557,"سلفي من العراق","arahmaniq12","",2296,36,1,873,"","None","2015-10-29 18:13:34","None"
365,4092962952,"صحبة الانصار","knknsgfhee","هى دولة الاسلام رغم انفك ...لا اداهن الغثاء",297,72,1,104,"","None","2015-11-01 17:35:37","None"
366,3852872579,"Ar Rahmaan","QuranAlRahman","Bismillah. Spreading the true Islam through dawah Insha Allah Returning the honor to the Muslims. #IslamicReminders",88,16,0,11,"Mecca","Pacific Time (US & Canada)","2015-10-03 14:02:06","http://t.co/hTr6B0S51C"
367,3579376935,"الحسيني القرشي2","HKoraish","",1362,1299,2,136,"","None","2015-09-07 18:15:54","None"
368,504343459,"أبوجنادة الجندبي 32","abojo_32","",72,43,0,106,"","None","2012-02-26 10:54:21","None"
369,3389866611,"إيلاف","ilaf_2","قولوا عني ما شئتم",554,681,0,244,"","None","2015-07-23 21:45:09","None"
370,2972239727,"Abu Salman ~MW","rdMW11","",73,317,0,1,"","Pacific Time (US & Canada)","2015-01-10 23:29:20","None"
371,51241574,"The Associated Press","AP","News from The Associated Press, and a taste of the great journalism produced by AP members and customers. Managed 24/7 by these editors: http://t.co/BibaTN49vB",6179926,7300,73890,124881,"Global","Eastern Time (US & Canada)","2009-06-26 21:48:52","http://t.co/2QmQWtmJc7"
372,2914914834,"مؤسسة الفسطاط","M_Alfstaat","مؤسسة الفسطاط , تهتم بتوثيق ونشر أرشيف الجهاد في بلاد الشام عبر فصائله الإسلاميه .\. الإصدارات في المفضلة .\. الخاص مفتوح لطلبات الإصدارات بأي وقت ..",8152,1,43,2151,"الكره الأرضيه","London","2014-11-30 17:31:12","None"
373,4097277081,"إدلب تذبح بصمت","Idlibdie","",1145,2,1,45,"","None","2015-11-02 12:55:54","None"
374,4126820019,"الصحفي عمر #سوريا","OmarJournalist1","Journalist Omar writer and researcher in Islamic affairs - Media in the Syrian Revolution - ReTweet does not mean adoptions - from the city of Hama",2240,85,8,178,"Syria - Hama","None","2015-11-06 12:47:52","None"
375,4096162281,"كردي حفيد صلاح الدين","alkurdish3","‏‏‏يوماً ما بإذن الله لن تغيب الشمس عن أرض المسلمين الموحدين المطبقين لشرع الله في الأرض -إعادة التغريد لاتعني التأييد - مؤيد لكل المجاهدين ولاانحازلااحد",1726,218,3,917,"","None","2015-11-02 09:14:21","None"
376,3985893736,"خضير خشفة-حمص","khder70003","‏ناشط ميداني مستقل وصحفي سوري لا اتبع لأي فصيل او تكتل سياسي",2954,64,3,169,"حمص","None","2015-10-18 08:54:32","None"
377,2155537942,"عزام الجزيري","abu_3zz","‏‏‏‏رحلت الى بلاد الشام حلمي ~ ●",190,22,3,348,"","None","2013-10-27 09:12:07","None"
378,3082822629,"الجبهة الإعلامية","J_Eielamiya3","الجبهة الإعلامية الإسلامية العالمية - الحساب الرسمي GIMF- Official Accountالحساب الاحتياطي / Reserve Account: @J_Eielamiya4telegram:@GIMF_MediaSurespo:@GIMF",2287,0,17,259,"telegram.me/GIMF_News","Riyadh","2015-03-10 00:32:27","http://t.co/YmTRagGAQH"
379,3154744421,"مركز حلب الإعلامي","amc_syr","حساب احتياطيالحساب الأساسي @AMC_SY",1529,1,12,4,"Syria, Aleppo","None","2015-04-10 22:45:05","http://t.co/WBmFfUCUhT"
380,2573095842,"المستشار","made0in0war","باحث في الثورة و الجهاد و العمل التنظيمي/ مستشار اجتماعي و نفسي /كاتب و مؤلف في مجال الصناعات الحربية و الامن و الاصلاح التنظيمي /من درس التاريخ تذوق المستقبل",6266,142,24,3764,"القدس ","Pacific Time (US & Canada)","2014-06-17 15:34:07","None"
381,3893986707,"Военный Советник","miladvisor","Military & Defence  Analysis .News and maps. Currently focused on military developments in Syria-Iraq-Yemen. RT ≠ endorsement.",1119,11,31,370,"","None","2015-10-07 22:47:21","None"
382,3633693082,"F1ea1337","F1ea1337","#Sy",952,268,26,1172,"","London","2015-09-12 17:56:02","None"
383,3381078285,"مُشَـمِّـر","AnasAlkubaisi91","#ولاية_الانبار",3337,558,5,694,"","None","2015-07-18 01:26:21","None"
384,4136943814,"سلام العراقي _20","salam444444","",1100,155,1,1,"","Pacific Time (US & Canada)","2015-11-07 21:04:31","None"
385,3429726646,"مِخْذَم الحُسَيني","Martyr_IQ","‏{لا تؤذوني في عائشة} الخاص ممنوع",3434,40,6,85,"ولاية الغرباء","Pacific Time (US & Canada)","2015-08-18 10:33:45","None"
386,3719372367,"سراج الدين زريقات","_Sirajeddine","أزهري، إمام وخطيب في مساجد #بيروت سابقا، أقاتل بسلاحي وأحرض بكلماتي في #سورية حاليا.",6026,123,32,682,"لبنان، سورية","None","2015-09-20 16:38:39","https://t.co/lRE4m9KuY8"
387,4072518675,"مهاجر الى الله","abo_Elaf_2","ابو ربيع العراقي",337,23,1,2,"ارض الخلافه","None","2015-10-30 04:04:34","None"
388,2408544986,"Mogadishu News","Mogadishu_News","Freelance journalist based in Mogadishu, covering events as they break",774,10,26,2621,"Mogadishu, Nairobi, Kampala.","Nairobi","2014-03-24 07:28:31","None"
389,499408338,"ابو سليمان الحسيني","ABO_SLEMAN_9","#فراق_احبتي_اثقل_كاهلي",8590,69,16,497,"","Pacific Time (US & Canada)","2012-02-22 03:00:29","None"
390,3854121683,"ابو العيناء","SN_JAN_29","",328,11,1,6,"","None","2015-10-03 17:12:35","None"
391,3279557652,"أبو الحارث محمد","tyinftgrd","إنَّ الضَّلاَلَةَ حَقَّ الضَّلاَلَةِ أَنْ تَعْرِفَ مَا كُنْتَ تُنْكِرُ وَأَنْ تُنْكِرَ مَا كُنْتَ تَعْرِفُ وَإِيَّاكَ وَالتَّلَوُّنِ فَإِنَّ دِينَ اللَّهِ وَاحد",517,92,3,329,"","None","2015-07-14 13:39:15","None"
392,2788714858,"دولتنا منصورة","khilaffa","",150,81,0,2,"","Kyiv","2014-09-28 09:09:35","None"
393,2721662666,"أبو بكر شيكاو 24","sifalhaq","‏‏‏جندي من جنود الخلافة",2378,1129,3,283,"","None","2014-08-10 13:47:32","None"
394,3845856809,"♜الأرقـــ دار ـــم ♜","7ILM_951","",5082,0,15,0,"","Pacific Time (US & Canada)","2015-10-02 20:01:18","None"
395,4119210381,"الأشعث الكندي","TU_UD5","",1966,41,3,4,"الدولة الإسلامية - ولاية حلب","None","2015-11-05 12:25:15","None"
396,3382439519,"Inghimassi","AbouAdamFaransi","Baqiya. Envers et contre tout",521,112,7,105,"","None","2015-07-19 00:24:26","None"
397,4062465160,"جند الأقصى","jond_aqsa6","الحساب الإحتياطي لجند الأقصى في بلاد الشام",3012,1,13,9,"","None","2015-10-28 18:29:59","None"
398,4196407834,"Islamic Analyst","IslamicAnalyst5","",385,113,2,296,"","None","2015-11-15 19:48:44","None"
399,4011245652,"Abu Malik Al Qatari","promptfire85","Soldier of arRahman",440,50,3,72,"","None","2015-10-25 08:15:44","None"
400,4172024655,"AM 22","owwhiqawo","اشهد ان لا اله الا الله واشهد ان محمد رسول الله",28,80,0,752,"","Pacific Time (US & Canada)","2015-11-12 15:12:42","None"
401,4166339247,"Abu Baseer","ProTx101","Commenting on news, views, events & otherstuff.. Do not DM unless is Strictly Business.",310,223,2,215,"DK","Pacific Time (US & Canada)","2015-11-11 20:50:56","https://t.co/hTr6B0S51C"
402,4028248647,"AT 90","uahfaiwhfaiw","اشهد ان لا اله الا الله واشهد ان محمد رسول الله",24,66,0,825,"","None","2015-10-24 01:51:00","None"
403,4093430961,"مراسل حربي إحتياط","jamalbasha_000","",3095,327,4,2,"","Pacific Time (US & Canada)","2015-11-02 00:02:40","None"
404,3366169632,"الأنبار الحدث","Anbar_event3765","‏‏‏‏‏‏‏‏‏‏‏‏‏‏‏‏‏‏‏‏‏‏‏‏ـ‏‏‏‏‏‏‏‏ننقل الأخبار بمصداقيه وبدون تحريف ـالصفحة غير تابع لأي تنظيم أو حزب أو جهة حكوميةتنقل أخبار محافظة الأنبار أولا والعراق ثانيآ",3054,31,6,64,"الأنبار","None","2015-08-28 03:18:16","None"
405,36446962,"المدد 41","G5__8f","",1525,196,2,338,"","Pacific Time (US & Canada)","2009-04-29 19:12:23","None"
406,3274868156,"الكردي المعتزبالله","AKurdish1","‏‏‏‏‏‏‏كردي سني من أرض الشام لااعلامي ولاعلامه مؤيد لكل الصادقين والساعين لرفع الظلم عن المستضعفين وناصح لااهلي الكورد",2170,183,5,1663,"","None","2015-07-10 20:48:04","None"
407,2808838239,"أبو يَمان الأنباري","alhusainy96","من التراب و اليه . . . !",557,105,1,478,"ارض الخلافة","Nairobi","2014-10-05 19:12:02","https://t.co/5YhU0n1cnE"
408,558367242,"الشيخ خالد الحبشي","alroqyaacademy","إمام وخطيب جامع السليمان مدير موقع http://t.co/vg8AiBNtY1 باحث وراقي شرعي ومهتم بالطب البديل",7151,3,29,452,"السعودية","Riyadh","2012-04-20 03:28:30","http://t.co/vg8AiBNtY1"
409,882122846,"WifeOfAShaheedd","OneOemmah","To overcome evil with good is good, to resist evil by evil is evil.",614,88,0,3494,"","Athens","2012-10-15 11:25:33","None"
410,4202754375,"BaniHillal","MarwaanTunsi","",762,205,5,175,"","Pacific Time (US & Canada)","2015-11-16 15:46:31","None"
411,4209209614,"Mustafa al Iraqi","mustafaklsh14","",644,92,0,65,"","Pacific Time (US & Canada)","2015-11-17 10:55:22","None"
412,4212937335,"Abu Bakr al Iraqi","Pashabakr1","Civil Engineer, Chef, Gamer, Reader etc",693,319,1,127,"","None","2015-11-17 21:37:19","None"
