id,created_at,text,source
668896021372674048,2015-11-23 20:56:53,RT @wikileaks: So-called 'Anonymous' #ISIS censorship list 'full of academics and journalists' https://t.co/Mm88bo5ph4 #GetOutOfTheCensorsh‚Ä¶,Twitter for iPhone
668895245296402432,2015-11-23 20:53:48,"@is79_a why 200 killed, it's 130",Twitter for iPhone
668894982334455808,2015-11-23 20:52:45,"It would be OK if she was killed inside #ISIS territory?
Incredible hypocrisy.
https://t.co/HPyqHjIBMA",Twitter for iPhone
668894309270364161,2015-11-23 20:50:05,"RT @CXaafada2: We shouldn't forget our baqiya brothers in #Somali,
they facing intimidation and arrests.
May Allah keep them steadfast
#Als‚Ä¶",Twitter for iPhone
668894252366188546,2015-11-23 20:49:51,RT @AbdugheniSabit: Chinese Communist Youth League publication: Praying in public areas is forbidden.#FreeEastTurkistan https://t.co/auE36E‚Ä¶,Twitter for iPhone
668892860901695488,2015-11-23 20:44:20,"RT @wayf44rer15: New üîµFurat Media video: ""A message to the people of Georgia""

On Georgian language

https://t.co/vOH1KzODXO",Twitter for iPhone
668880388668981248,2015-11-23 19:54:46,"RT @MohandSalafi: 1. Scientific Methods Control Shed farming is also used in #IslamicWelfareState an example in Mosul, #IslamicState https:‚Ä¶",Twitter for iPhone
668837701077061640,2015-11-23 17:05:08,"RT @pasaialif14: Kidnapping of a farmer Sunni by Shia gangs and chopped his body alive
https://t.co/qfHq3850Qq",Twitter for iPhone
668837504863346691,2015-11-23 17:04:22,"Best minute of silence in a while.
Istanbul, turkey:
https://t.co/EcVusHE5vc",Twitter for iPhone
668834085587038208,2015-11-23 16:50:46,"When FSA and Nusra started to make fun of Islamic state setbacks in Kweires and Sinjar, they lost ten time more territory south of #Aleppo.",Twitter for iPhone
668829267887849477,2015-11-23 16:31:38,@3Hasan_Ali reports of French air strikes on Mosul today is it true Akhi?,Twitter for iPhone
668828700918554624,2015-11-23 16:29:23,Quickest way to explain the conflict between Muslims and others in the Middle East: https://t.co/rbRsl1doVM,Twitter for iPhone
668827594058539008,2015-11-23 16:24:59,"RT @3Hasan_Ali: @3Hasan_Ali maybe it is because they lost all eyes on ground, their spies r terrorized by Islamic State harsh punishment fo‚Ä¶",Twitter for iPhone
668827586529726465,2015-11-23 16:24:57,"RT @3Hasan_Ali: on another note, the coalition against Islam seems to be running out of targets, last week they hit a parking lot in Mosul !",Twitter for iPhone
668827536395272193,2015-11-23 16:24:45,"Twitter is trying to silence the youth of #Mosul, their opinion doesn't suit them apparently:
https://t.co/6Tuwsa2Ott",Twitter for iPhone
668827222925557760,2015-11-23 16:23:30,"RT @3Hasan_Ali: this here is my 3rd account on twitter,I tweeted my opinion on #ParisAttacks and the 'free world' suspended my account for ‚Ä¶",Twitter for iPhone
668827137844097024,2015-11-23 16:23:10,@Abu_Naseeha1 lost it ((,Twitter for iPhone
668814219173863424,2015-11-23 15:31:50,Who would know it would be so hard to be an independent journalist here on Twitter.,Twitter for iPhone
668804043259645952,2015-11-23 14:51:24,"@actudefense encore une fois la coalition d√©truit les infrastructures et l'EI construit et r√©pare, les populations ne l'oublieront pas.",Twitter for iPhone
668803265774133248,2015-11-23 14:48:18,"@actudefense de rien,la destruction des infrastructures p√©troli√®res signifie que les US et la Russie ont perdu tout espoir de les r√©cup√©rer.",Twitter for iPhone
668802974018310144,2015-11-23 14:47:09,"Our country is under Islamic state threat, let's hide in our basements and tweet cats.!!Belgium..
#BrusselsLockdown https://t.co/GCqUc7IZrR",Twitter for iPhone
668802331421622272,2015-11-23 14:44:36,"The Islamic state is not a state, let's call it daesh.
And send our only aircraft carrier to fight them..",Twitter for iPhone
668800932914810880,2015-11-23 14:39:02,"¬´Iranian ex convicts are sewing up their lips in front of our borders, let's open EU to them¬ª
Said no European ever. https://t.co/WfTZbprNMR",Twitter for iPhone
668800565871292416,2015-11-23 14:37:35,"@actudefense @BiladFransa ce sont 300 camions op√©r√©s par des civils pour transport√©s du fuel, d√©truit juste avant l'hiver.",Twitter for iPhone
668799600854245376,2015-11-23 14:33:45,"#Samarra, capital of shirk in the land of Ahl al Sunnah, soon cleansed inshAllah. https://t.co/DmHrODaRtp",Twitter for iPhone
668799489738678272,2015-11-23 14:33:18,"Islamic state, united we are strong. https://t.co/jjiOoeO8ea",Twitter for iPhone
668799127774502912,2015-11-23 14:31:52,"Breaking:
Six Egyptian apostate special forces killed in #Sinai by the Islamic state.",Twitter for iPhone
668798511253757954,2015-11-23 14:29:25,RT @3Hasan_Ali: ÿ±Ÿéÿ®ŸêŸë ÿ®ŸêŸÖŸéÿß ÿ£ŸéŸÜŸíÿπŸéŸÖŸíÿ™Ÿé ÿπŸéŸÑŸéŸäŸéŸë ŸÅŸéŸÑŸéŸÜŸí ÿ£ŸéŸÉŸèŸàŸÜŸé ÿ∏ŸéŸáŸêŸäÿ±Ÿãÿß ŸÑŸêŸëŸÑŸíŸÖŸèÿ¨Ÿíÿ±ŸêŸÖŸêŸäŸÜŸé,Twitter for iPhone
668786313248772096,2015-11-23 13:40:57,@AbuQaswar you asked for the best way to say know bro,Twitter for iPhone
668779618757951488,2015-11-23 13:14:21,@AbuQaswar say I acknowledge,Twitter for iPhone
668773906824712193,2015-11-23 12:51:39,"RT @Kashifypg: #BREAKING #Hasakah
 ISIS recaptured Tishreen oil field and its surrounding areas in rural al Hawl.",Twitter for iPhone
668772235449147392,2015-11-23 12:45:00,"Islamic state promoting @APPLEOFFIClAL products, will Apple be grateful? https://t.co/gCvk5wYtpW",Twitter for iPhone
668767456643702784,2015-11-23 12:26:01,@SyrianShabab @RamiAlLolah @Charles_Lister @juliamacfarlane Shei'tat were armed gangs. If Shei'tat are civilians then FSA are civilians too,Twitter for iPhone
668767268235513856,2015-11-23 12:25:16,@juliamacfarlane @Charles_Lister he just said Syria why do you talk about Yezidis? Dumb journalist.,Twitter for iPhone
668767039536918528,2015-11-23 12:24:21,RT @RamiAlLolah: .@Charles_Lister Really? Sha'itat were civilians? They were nothing but an Oil gang armed militia Check people of DeirEzzo‚Ä¶,Twitter for iPhone
668752197757349888,2015-11-23 11:25:23,"These weapons and equipments  were supposedly seized by Belgian police..
Jihadists with Saudi flag lol. https://t.co/7CAp8AQFv8",Twitter for iPhone
668748554106707968,2015-11-23 11:10:54,"RT @War_Reports: In addition to fighting, the Islamic State also look after Public Health. Here, they seize and destroy cigarettes: https:/‚Ä¶",Twitter for iPhone
668745264161755136,2015-11-23 10:57:50,@Abu_khalid_94_8 he parked his VBIED and tried to escape to detonate it from afar..,Twitter for iPhone
668731057286610948,2015-11-23 10:01:23,"The suicide bomber wannabe left his VBIED and fled like a rat but was caught by the mujahideen. 
May he rot in hell for eternity.",Twitter for iPhone
668729849696096256,2015-11-23 09:56:35,RT @iFalasteen: BREAKING occuption forces shot two girls for no reason on Yafa street in AlQuds NOW both critically injured. https://t.co/q‚Ä¶,Twitter for iPhone
668728825161850882,2015-11-23 09:52:30,"Epic fail for the dogs of Nusra in Dara'a, one of their suicide bomber ended up killed by Liwa Shuhada Yarmuk: https://t.co/QfIA9TWIPg",Twitter for iPhone
668726067620892672,2015-11-23 09:41:33,"RT @bahaa_nasser7: #video
a #palestinian #girl #executed by #IOF in #Jerusalem a while ago
#ŸÇÿ®ŸäŸÑŸá_ÿ™ÿ≠ÿ®Ÿáÿß_ŸàŸÑÿß_ÿßŸÜÿ™_ŸÖŸÜŸáÿß #ÿßÿ∞ÿß_ŸÉŸÜÿ™_ÿ®ÿ±Ÿàÿ≠Ÿä_ÿßÿ≠ÿ® htt‚Ä¶",Twitter for iPhone
668697549361061888,2015-11-23 07:48:14,"RT @Is79Op: Turkish and Kurdish #IS mujahideen:
""Nationalism has weakened our Muslim nation
The Caliphate is a unifying project"" https://t.‚Ä¶",Twitter for iPhone
668580931612057600,2015-11-23 00:04:50,"RT @mustafaklsh14: The dogs of Harari &amp; Zawahiri &amp; Joulani

The pic shows suicide bombers (against Muslims) on their way to hell.

https://‚Ä¶",Twitter for iPhone
668580550064644096,2015-11-23 00:03:19,"RT @mustafaklsh14: Harari says to suicide bomber:
Blow yourself on the khawarij! But when Dawlah comes
They escape in Abayah (&amp; niqab).
htt‚Ä¶",Twitter for iPhone
668569725975314433,2015-11-22 23:20:18,"RT @OpIS79: French *civilized* white man..
DONT be fooled by their fake humanity
They r not so different from yesterday
#Algeria
https://t.‚Ä¶",Twitter for iPhone
668569516759195648,2015-11-22 23:19:28,RT @OpIS79: #IS in #Ramadi distributes Zakat money and food aid to the poor and needy in the city.. #IslamicState #Iraq #ISIS https://t.co/‚Ä¶,Twitter for iPhone
668561728179974144,2015-11-22 22:48:31,"RT @Pashabakr1: Imagine that a commoner speaks Haqq like this, while the ""Imams"" and people of ""Knowledge"" are busy eating Kabsa https://t.‚Ä¶",Twitter for iPhone
668548680979492864,2015-11-22 21:56:41,"RT @Pashabakr1: 6600 houses demolished  in 52 Sunni Arab village, &amp; prevented to return by #US backed #PKK &amp; #Peshmerga https://t.co/auc4oX‚Ä¶",Twitter Web Client
668547658064203776,2015-11-22 21:52:37,Please put a thumb down on this video and report it as well.,Twitter Web Client
668547566112530433,2015-11-22 21:52:15,"Apostate ""Shami front"" fighters steals IS flag and claim its theirs, apostate dogs fighting under US cover, Aleppo:
https://t.co/ZmlO1LmmP6",Twitter Web Client
668536280880431105,2015-11-22 21:07:24,"Bataclan survivor:
"" There was a wounded woman on the floor but I didn't help her, I felt like a monster.""
#NotHolywood",Twitter Web Client
668535503566848000,2015-11-22 21:04:19,"the attackers said to him""It's because of your president he attacks our people in Iraq and Syria, when you kill terorist you kill innocents""",Twitter Web Client
668534596858986496,2015-11-22 21:00:43,He also said: ¬´ I didn't even care for my sister inside the theatre.¬ª,Twitter for iPhone
668533946335010816,2015-11-22 20:58:08,"Nobody cared for the other, people were terrified.""
Source:
https://t.co/uLlCmndenj",Twitter Web Client
668533802600431616,2015-11-22 20:57:33,"French man who witnessed the attack against Bataclan theatre:
"" People were running for their lives, a pregnant woman was stepped on.""",Twitter Web Client
668532071867002880,2015-11-22 20:50:41,@IslamicAnalyst5 last time you use daesh on my timeline akhi,Twitter Web Client
668531130602229760,2015-11-22 20:46:56,RT @War_Reports: The Islamic State collecting Zakat (collection of wealth from the well-off and redistribution to the poor): https://t.co/A‚Ä¶,Twitter Web Client
668528434205827072,2015-11-22 20:36:14,"#Brussels, capital of Europe:
Army in the street.
Media blackout.
No school for kids.
Does it remind you on the situation in another state?",Twitter Web Client
668527282449981440,2015-11-22 20:31:39,"""Support and RT"", for one second I thought he was part of the family: https://t.co/3JpUokS10Z",Twitter Web Client
668525173524578305,2015-11-22 20:23:16,RT @War_Reports: Government-controlled priests in Egypt say its sinful not voting in rigged elections which legitimise Gen. Sissi: https://‚Ä¶,Twitter Web Client
668511968026869760,2015-11-22 19:30:48,RT @OpIS79: Assalam alaikum; I'm back. ‚òùÔ∏è https://t.co/yA2KilkF1m,Twitter Web Client
668502229129822211,2015-11-22 18:52:06,"RT @Charles_Lister: - #Assad responsible for 95.96% of civilian deaths.
- Armed opposition: 1.42%
- Unidentified: 1.06%
- #ISIS: 0.91% http‚Ä¶",Twitter Web Client
668495409686425600,2015-11-22 18:25:00,"Belgium:
We will defeat the Islamic state, by hiding in our homes.",Twitter for iPhone
668490548731334656,2015-11-22 18:05:41,"RT @_dischi_: Ibn Hazm on seeking kuffar's help against the khawarij

Your loose tongues have brought harm upon Muslims so weep https://t.c‚Ä¶",Twitter for iPhone
668490122342584321,2015-11-22 18:03:59,RT @RUCKlN: Welp.... ü§î https://t.co/NdhZygC3Vx,Twitter for iPhone
668489172475318272,2015-11-22 18:00:13,"RT @khanasur: Ezidis, okay but I don't recall ISIS committing a massacre on Christians.
https://t.co/lh8mLclAIy",Twitter for iPhone
668488286822879232,2015-11-22 17:56:42,"Belgium logic:
No Belgium no terrorism, let's close the country.",Twitter for iPhone
668488072124833792,2015-11-22 17:55:50,"RT @Pashabakr1: #PT. (Senior Iranian commander killed by IS) For ""Muslim"" Brotherhood hypocrites, and al.Saud followers https://t.co/Fbx0Xq‚Ä¶",Twitter for iPhone
668488046162092032,2015-11-22 17:55:44,RT @Pashabakr1: Present for the supporters of al-Saud who claim that IS are Iranians https://t.co/zEkGYsOVie,Twitter for iPhone
668487871016378368,2015-11-22 17:55:03,"RT @Pashabakr1: #Shia militias burn a man because his name was Omar, that same Militias that #Erdogan &amp; Al-Saud fund to fight IS 

https://‚Ä¶",Twitter for iPhone
668480165278822401,2015-11-22 17:24:25,"RT @iislamic16: Ziad Haider from Misraba arrested by Assad Regime on July 4,2012 tortured all this time till his death days ago. https://t.‚Ä¶",Twitter for iPhone
668478949102592000,2015-11-22 17:19:35,"RT @ProTx101: What happens in shia temples, sitting around smoking shisa pipes insulting sahabas how can these people be Muslims? https://t‚Ä¶",Twitter for iPhone
668427495331520512,2015-11-22 13:55:08,@sparksofirhabi1 now the leaders scare the scholars so much they start crying and end up on Al Jazeera praising the leaders.,Twitter for iPhone
668427365731692544,2015-11-22 13:54:37,RT @sparksofirhabi1: Hasan Al-Basri ÿ±ÿ≠ŸÖŸá ÿßŸÑŸÑŸá used to scold the leaders. https://t.co/nGln95DsL7,Twitter for iPhone
668424346017406976,2015-11-22 13:42:37,"Bearded, cigaret smoking, US supported Syrian sahawat: https://t.co/8aq8Lb0pFL",Twitter for iPhone
668399152146071552,2015-11-22 12:02:30,RT @mustafaklsh14: A message from Liwa Shuhada al-Yarmouks new leader. https://t.co/f3q6wR4Igp,Twitter for iPhone
668396024629735424,2015-11-22 11:50:05,"RT @mustafaklsh14: The Lions of Liwa Shuhada al-Yarmouk training camp.

https://t.co/Zt4jIirhrt",Twitter for iPhone
668395822342651904,2015-11-22 11:49:16,"RT @wayf44rer15: Agency also notes, that the tankers are owned by civilians, and that oil trucks is the main source of fuel for people in #‚Ä¶",Twitter for iPhone
668395811718434816,2015-11-22 11:49:14,RT @wayf44rer15: A'mƒÅq agency also published the leaflets dropped by coalition airplanes near oil fields https://t.co/MCkJNgYOtU,Twitter for iPhone
668395800985210880,2015-11-22 11:49:11,"RT @wayf44rer15: #AmƒÅq Agency: Fuel crisis in #Aleppo and #Idlib because of coalition airstrikes on oil trucks in Deir ez-Zor

https://t.co‚Ä¶",Twitter for iPhone
668385355075354626,2015-11-22 11:07:41,"RT @maghrebiclearr: When I see how easily people fall for anti-IS propaganda lies, I can understand how the Dajjal will be a massive fitna.",Twitter for iPhone
668385071120953344,2015-11-22 11:06:33,"Breaking:
The islamic state uploads a new video showing how French airstrikes only targeted deserted places and empty building in #Raqqa.",Twitter for iPhone
668384692421423104,2015-11-22 11:05:03,"RT @maghrebiclearr: ""But.. But.. But.. Daesh is an Iranian conspiracy !!!!!"" https://t.co/LMPikL9c4G",Twitter for iPhone
668211074332762113,2015-11-21 23:35:09,@RomainCaillet @SLF_magazine  tout simplement? Vous allez en d√©cevoir beaucoup avec cette chute.,Twitter for iPhone
668210148779929602,2015-11-21 23:31:28,"RT @AbdugheniSabit: The #Uyghur refugees in #Thailand prison, May Allah hasten their release https://t.co/7ihleNL1yY",Twitter for iPhone
668198185303744512,2015-11-21 22:43:56,@ReporterSyrien @BiladFransa  d'un vehicle pi√®g√© de l'union des Aliens de la galaxie 56? O√∫ de l'√©tat islamique?,Twitter for iPhone
668197606309371905,2015-11-21 22:41:38,@AbuLeChiffre I asked people couldn't find a link sorry,Twitter for iPhone
668190997147459584,2015-11-21 22:15:22,@AbuLeChiffre I'm asking brother,Twitter for iPhone
668188146568462336,2015-11-21 22:04:03,"This morning I couldn't find my cereals I thought it was bad!
But look at Nigerian army, they lost 105 soldiers lmao
https://t.co/TOpnOqqLVC",Twitter for iPhone
668175081399558144,2015-11-21 21:12:08,@AbuLeChiffre about isdarat right?,Twitter for iPhone
668164162556686341,2015-11-21 20:28:44,"Cheetah forces of Tiger brigade fighting for Assad!
Assad army:
üêìüêÖüêµüê±üêßüêçüê¨üêòüêñüêñ https://t.co/o9oxihHRop",Twitter for iPhone
668161241517563904,2015-11-21 20:17:08,@ouniss_sa pourquoi il y a toujours des salet√©s comme toi pour venir remettre en cause la parole des Musulmans en public?,Twitter for iPhone
668160030017982465,2015-11-21 20:12:19,RT @refdrymaghrebi: https://t.co/co6UmvGPAX,Twitter for iPhone
668159932039057408,2015-11-21 20:11:56,RT @refdrymaghrebi: https://t.co/9ogX1apOMi,Twitter for iPhone
668159834089496576,2015-11-21 20:11:32,RT @refdrymaghrebi: https://t.co/n3S9K6BAL1,Twitter for iPhone
668159674307465216,2015-11-21 20:10:54,RT @refdrymaghrebi: https://t.co/gDo6jZsFBY,Twitter for iPhone
668159662538301440,2015-11-21 20:10:52,RT @refdrymaghrebi: https://t.co/B7YUe50Lpf,Twitter for iPhone
668159653566631938,2015-11-21 20:10:49,RT @refdrymaghrebi: https://t.co/O5AZiwJ3Mo,Twitter for iPhone
668159647933734916,2015-11-21 20:10:48,"RT @refdrymaghrebi: A journalist who visited Albukamal under IS rule talks about the justice the Caliphate brings to the people
https://t.c‚Ä¶",Twitter for iPhone
668121321973354497,2015-11-21 17:38:30,"Breaking:
Islamic state impose a lockdown on the capital of Europe, #Brussels.
Citizens are asked to stay at home.",Twitter for iPhone
668120912600911872,2015-11-21 17:36:53,RT @Abu_Naseeha1: The Only Real Achievement of  the Coalition fighting against the #IslamicState https://t.co/ITHo0iSl1C,Twitter for iPhone
668117227661565953,2015-11-21 17:22:14,RT @Pashabakr1: Iranian backed Iraqi goverment says they captured plane on its way to #Erbil with lots of money &amp;high grade weapons https:/‚Ä¶,Twitter for iPhone
668111963998822401,2015-11-21 17:01:19,"RT @War_Reports: American reporter finds that ""ISIS has brought justice"" to Syrian cities: https://t.co/kjYR38WQxi https://t.co/zb4eQJrVRV",Twitter for iPhone
668080371016310784,2015-11-21 14:55:47,"RT @dryrefmaghrebi: EU capital Brussels is on total lockdown: everything closed, people indoors, army spread in streets. #Fear #Terror
http‚Ä¶",Twitter for iPhone
668053826260353024,2015-11-21 13:10:18,"RT @dryrefmaghrebi: al-Hayat Media Center presents: ""Turkey and the fire of nationalism""
 https://t.co/nqVYcpfPjN ‚Ä¶ ‚Ä¶  https://t.co/H254Sf4‚Ä¶",Twitter for iPhone
668044995128139776,2015-11-21 12:35:13,"Facebook didn't ask him if he was safe.
No westerner prayed for him.
Killed by US and French bombs today in #Syria: https://t.co/tG7AxmKqyt",Twitter for iPhone
668044567967621120,2015-11-21 12:33:31,RT @Syrianvictims: Victims of American attacks in south Aleppo!! #Syria #USA #coalition #evil #NoRightsForChildren  https://t.co/qZHtSDa5po,Twitter for iPhone
668044490129678336,2015-11-21 12:33:12,RT @dryrefmaghrebi: he man is hosting a meeting with all the Crusader leaders w/ millions of Muslims killed by their hands and he's remindi‚Ä¶,Twitter for iPhone
668044482961670144,2015-11-21 12:33:11,"RT @dryrefmaghrebi: the G20 summit, with crazy comments like ""This man reminds of the old Caliphs and Sultans"", ""Masha'Allah such humblenes‚Ä¶",Twitter for iPhone
668044475428642816,2015-11-21 12:33:09,RT @dryrefmaghrebi: Some people are just blind when it comes to Erdogan... I saw them sharing pictures of Erdogan taking a group picture wi‚Ä¶,Twitter for iPhone
668034793523793920,2015-11-21 11:54:40,"RT @dryrefmaghrebi: al-Hayat Media Center, IS media wing, says it will soon release a video apparently about Turkey
https://t.co/26pWbkQsVL",Twitter for iPhone
668033102250405888,2015-11-21 11:47:57,"RT @dryrefmaghrebi: Massive SVBIED attack on Assadist troops in Hawareen (N-E of Maheem, Wilayat Damascus) leaves 10s killed/injured
https:‚Ä¶",Twitter for iPhone
668033078388985856,2015-11-21 11:47:51,"RT @dryrefmaghrebi: 3 civilians killed after Coalition airstrikes on al-Bab last night.
https://t.co/g7h2152R4Y",Twitter for iPhone
667876245678530560,2015-11-21 01:24:40,RT @Speedy_Villain: This hurt me... üò¢üò•üò™ https://t.co/UucB0IcKIR,Twitter for iPhone
667872649364787200,2015-11-21 01:10:22,"When France was releasing daily reports in Wilaya Algerie 100 years ago:
¬´Harvest of Heads in Wilaya Algeria¬ª https://t.co/EsYvUihjms",Twitter for iPhone
667871607948517377,2015-11-21 01:06:14,"Apparently South Korean didn't the memo:
DO NOT ARREST NUSRA SUPPORTERS CONFRONTING ISIS ONLINE.
https://t.co/GnUw8PEoZ0",Twitter for iPhone
667871406353473536,2015-11-21 01:05:26,@AlBawabaEnglish @TheRealBTL al Nusra is responsible for the massacre of 200000 Druzes? Lol what kind of newspaper are you?,Twitter for iPhone
667871045336961028,2015-11-21 01:04:00,@muzammilibnNoor a guest do not drink his soda can while you're carrying his healthy ass on your back.,Twitter for iPhone
667870522873683968,2015-11-21 01:01:55,Another picture of the black donkey carrying his relaxed and perfectly healthy Fanta drinking master: https://t.co/roCSIjiCod,Twitter for iPhone
667868141473685504,2015-11-21 00:52:27,"Don't forget to block this US Air Force propagandist, he thinks US satanic army can liberate his land:
https://t.co/xkwwV2yeCl",Twitter for iPhone
667860782282104832,2015-11-21 00:23:13,@Pashabakr1 they're a bit too ¬´ near¬ª IMO,Twitter for iPhone
667860426408001536,2015-11-21 00:21:48,We all know people who claim media is Zionist and manipulative but said ISIS when media said ISIS and say Da'esh now that media say Da'esh.,Twitter for iPhone
667859594618736640,2015-11-21 00:18:30,"RT @Pashabakr1: Ansar al-Khilafa Media, Coming soon ...
""The Islamic State Is A Necessity Of The Era"" https://t.co/yYFBsrwnBx",Twitter for iPhone
667859431393255424,2015-11-21 00:17:51,"Please follow :
@f4r1d_de 
We all know who it is.",Twitter for iPhone
667859159606497280,2015-11-21 00:16:46,"Terrorism alerts levels:
Green
Guarded 
Elevated
Severe
High
Extreme
Islamic state",Twitter for iPhone
667857829001195520,2015-11-21 00:11:29,"@KendrickLhmar sauf que c'est pas elle, tu meurs dans ta rage too.",Twitter for iPhone
667856545099751424,2015-11-21 00:06:23,"@markito0171 @BiladFransa no the US Air Force seized the village, FSA just entered the empty villages.",Twitter for iPhone
667853604905213952,2015-11-20 23:54:42,"Amazing, total war against Islamic state and Islam in general in the apostate and western media.
We're getting closer, it's just perfect!
üòÄüòÄ",Twitter for iPhone
667837515697659904,2015-11-20 22:50:46,RT @medialens: How Israel pressures BBC into changing headlines. #Hebron #Palestine #Israel @intifada @PSCupdates @BBCNews https://t.co/5zx‚Ä¶,Twitter for iPhone
667837345115340800,2015-11-20 22:50:05,"RT @dryrefmaghrebi: Harjala and Dalha, 2 villages (in blue) where the scum of earth Sahawat of Sham advanced after heavy US airstrikes
http‚Ä¶",Twitter for iPhone
667836828305739777,2015-11-20 22:48:02,"RT @gcaw: ""We think of them as uncultured Bedouins. The opposite is true. They're clever, educated, with university degrees"" https://t.co/O‚Ä¶",Twitter for iPhone
667832522114396160,2015-11-20 22:30:55,"RT @dryrefmaghrebi: Where is Hani Sbai, who was so quick to open his mouth to condemn Paris attacks, after AQ attack in a hotel in Mali?
ht‚Ä¶",Twitter for iPhone
667830893730402305,2015-11-20 22:24:27,"RT @flagellumdeii_: Mali'li bir asker, Fanta icen beyaz efendisinin hayatini kurtariyor :'(  https://t.co/AcnOJqBVZV",Twitter for iPhone
667826018397257728,2015-11-20 22:05:05,"A Malian soldier saving his white, Fanta drinking master today in #Mali.
So much humiliation in one picture: https://t.co/cg7TbXgSVa",Twitter for iPhone
667824359499677697,2015-11-20 21:58:29,"RT @AbdugheniSabit: In Aksu, East #Turkistan, Chinese has plastered posters everywhere depicting bad Uyghurs, and good Uyghurs. #China http‚Ä¶",Twitter for iPhone
667820044668145665,2015-11-20 21:41:20,"RT @dryrefmaghrebi: Wael Essam: ""US pounded Dalha and ""Syrian rebels"" took control of it. 6th nullifier of Islam: allying with the mushrike‚Ä¶",Twitter for iPhone
667819905350131713,2015-11-20 21:40:47,"RT @dryrefmaghrebi: Peshmerga position in Halum (N-W of Tal Afar) attacked, 13 Pesh killed, military position completely burned.
https://t.‚Ä¶",Twitter for iPhone
667819895812288512,2015-11-20 21:40:45,"RT @dryrefmaghrebi: Almost 30 Shia Rawafidh killed as ""Abu Hasan al-Ansari"" performs a martyrdom op on a Shia temple in al-Rashid
https://t‚Ä¶",Twitter for iPhone
667819873146269696,2015-11-20 21:40:39,"RT @dryrefmaghrebi: Russian-Western Coalition airstrikes destroy ""Al Quds"" mosque in the city of Mayadeen..
https://t.co/FTffWG0emw
https:/‚Ä¶",Twitter for iPhone
667819857841229824,2015-11-20 21:40:36,RT @dryrefmaghrebi: Now Hollywood American series and movies are stealing Islamic State productions... https://t.co/9U8EZyg0hd,Twitter for iPhone
667819786030575616,2015-11-20 21:40:19,"RT @dryrefmaghrebi: Russia destroys our mosques and when the IS will retaliate, you will hear the hypocrites and the donkeys ""Islam doesn't‚Ä¶",Twitter for iPhone
667819778774466560,2015-11-20 21:40:17,"RT @dryrefmaghrebi: ""Oh no! IS barbarians made a bombing in a Russian Church! Islam forbids that, Prophet said don't target churches""
https‚Ä¶",Twitter for iPhone
667819064744476672,2015-11-20 21:37:27,"RT @dryrefmaghrebi: 10s of Assadist soldiers killed and injured in a massive SVBIED near Kuweires airport
https://t.co/Ig95ky7hXC  https://‚Ä¶",Twitter for iPhone
667818577794220032,2015-11-20 21:35:31,RT @RamiAlLolah: Killed by #Russia|n terrorists in #Bukamal today. As long as isn't happening in #Paris you can skip it #Syria #ISIS https:‚Ä¶,Twitter for iPhone
667817803261472768,2015-11-20 21:32:26,"RT @wayf44rer15: Reports that the civilian death toll exceeded 50 in az-Zubari village, rural Deir ez-Zor",Twitter for iPhone
667817759858802688,2015-11-20 21:32:16,RT @ForeignPolicy: Airstrikes in Syria are hitting hospitals and killing medical workers. This map shows where: https://t.co/2TXZFMXaLQ htt‚Ä¶,Twitter for iPhone
667813623616540673,2015-11-20 21:15:49,"RT @mustafaklsh14: ~~Maghrebi Witness~~~

@MaghrebiWSN
@MaghrebiWSN
@MaghrebiWSN
@MaghrebiWSN
@MaghrebiWSN",Twitter for iPhone
667813623318777857,2015-11-20 21:15:49,"RT @wayf44rer15: Up to 6 civilians were killed in Albu Leyl area, At least 2 in al-Asharah, several in al-Mayadin town",Twitter for iPhone
667813377264062464,2015-11-20 21:14:51,"RT @wayf44rer15: The countryside of Deir ez-Zor: More than 30 airstrikes, including cruise missiles, targeted up to 12 different locations",Twitter for iPhone
667792189213294592,2015-11-20 19:50:39,"@24Aleppo it would be fine if it hit Muslims inside ISIS areas?
Incredible, such hypocrisy.",Twitter for iPhone
667779729622220801,2015-11-20 19:01:08,"@guidere @ArabFreeeeeeeee N‚Äôimporte quoi l'accord entre les branches jihadistes il y a un mois et demi, voir attaque de Nusra a Dar'aa.",Twitter Web Client
667765752821358592,2015-11-20 18:05:36,"RT @wayf44rer15: A girl of small age, called Areej al-Najm, was killed today by coalition airstrikes on al-Mayadin town, near Deir ez-Zor",Twitter Web Client
667765732789325824,2015-11-20 18:05:31,"RT @RamiAlLolah: #USA: We killed civilians. This statement excludes the:
- 2M killed in #Iraq
- 1000s killed in #Yemen &amp; #Afghanistan
https‚Ä¶",Twitter Web Client
667755747288182784,2015-11-20 17:25:51,"Everything is going so perfectly toward the good direction for al Malhama and Dabiq, wonderful.",Twitter for iPhone
667753946719633409,2015-11-20 17:18:41,"RT @khanasur: al-Hawl was captured was none other than Assad regime mouthpiece, Al-Mayadeen TV, question is isn't SDF supposed to be anti-A‚Ä¶",Twitter for iPhone
667753941120237568,2015-11-20 17:18:40,"RT @khanasur: been non-functional since 2012 and require a lot of money to restart production.
2) The first TV station to enter the town wi‚Ä¶",Twitter for iPhone
667751805019930624,2015-11-20 17:10:11,"RT @IslamicAnalyst5: Greek officials puncture refugees' inflatable boat and leave them to die.
@JamilaHanan @Malcolmite @UN @tigerwolf65 ht‚Ä¶",Twitter for iPhone
667751607837282304,2015-11-20 17:09:24,"RT @AbdugheniSabit: #Uyghur fighters at a #Chinese court house "" you can imprison our body but can not imprison our heart "" https://t.co/rB‚Ä¶",Twitter for iPhone
667744165657210880,2015-11-20 16:39:49,"@RamiAlLolah It's a fake news, month old, spread by some Kurdish scum to embarrass turkey.",Twitter Web Client
667740762625437696,2015-11-20 16:26:18,"Update:
27 now.",Twitter for iPhone
667727849705439233,2015-11-20 15:34:59,"Breaking:
Strong start in #bamako with already 18 dead in the hotel.",Twitter for iPhone
667726203978186752,2015-11-20 15:28:27,"RT @THE_47th: ""Sources"" tells LBC (Lebanese media) civil aviation authority was asked by Russia 2 clear Lebanese airspace as of midnight 2n‚Ä¶",Twitter for iPhone
667694818408202240,2015-11-20 13:23:44,RT @atifabbasi13: Dozens ISF members killed in large scale IS solders attack in Nukhayb in Al Anbar.,Twitter for iPhone
667694762544222208,2015-11-20 13:23:31,"The Islamic state decided to reintroduce borders between Europeans countries.
Decision is being implemented now by France.",Twitter for iPhone
667693989148106754,2015-11-20 13:20:26,"@WadeOmar @SLF_magazine meme in chien a plus de valeur pour les fran√ßais que la vie d'un noir, voir le hashtag: #JeSuisChien",Twitter for iPhone
667681219165974528,2015-11-20 12:29:42,"RT @khanasur: Days after releasing videos rebuking AQAP, ISIS in Yemen launch a wide-scale offensive in Hadramout province, 50 pro-Hadi sol‚Ä¶",Twitter for iPhone
667668436961648640,2015-11-20 11:38:54,"Millions of French said #JeSuisChien 2 days ago when a police dog died.
Not many to say #JeSuisMali. 
French prefer dogs to black people.",Twitter for iPhone
667480845293387776,2015-11-19 23:13:29,RT @albritaniyya_: This picture speaks a thousand words. #PrayForSyria #PrayForRaqqa https://t.co/A0Cdrs2Kj2,Twitter for iPhone
667480455504117765,2015-11-19 23:11:56,RT @RamiAlLolah: Death toll for #USA-led Coalition massacre in #Mosul dairy factory bombing raised to 13 civilians killed; 28 wounded.. #Ir‚Ä¶,Twitter for iPhone
667470420904398848,2015-11-19 22:32:04,RT @UberFacts: ISIS leader Abu Bakr al-Baghdadi has a Ph.D. in Islamic Studies.,Twitter for iPhone
667470377275273220,2015-11-19 22:31:53,RT @RamiAlLolah: Remember the anger when #ISIS burned #Jordan pilot alive. Today #Russia pilots burned 50 #Syria|ns alive in #Bukamal https‚Ä¶,Twitter for iPhone
667469309518733312,2015-11-19 22:27:39,"Source:
https://t.co/xGrVsOgcIB",Twitter for iPhone
667469225485869056,2015-11-19 22:27:18,"@Shami_Witless you filthy liar, here is the original video and news article by French newspaper nice matin:
https://t.co/xGrVsOgcIB",Twitter for iPhone
667464698246336513,2015-11-19 22:09:19,@MaghrebiWTNSS lol except if you live in Kerbala,Twitter for iPhone
667462193672269824,2015-11-19 21:59:22,@adamjalalyan wa iyak akhi,Twitter for iPhone
667461300079972352,2015-11-19 21:55:49,"Please follow your knowledgable brother:
@adamjalalyan",Twitter for iPhone
667461069682683904,2015-11-19 21:54:54,"¬´We will hack pro Assad and pro Shi'a militia accounts after Assad killed 300000 innocents¬ª
Said no Anonymous prostitute ever.",Twitter for iPhone
667459618810019840,2015-11-19 21:49:08,"I'm reading reports of a carbomb explosion next to one of Sisi's palace in Egypt. 
May Allah kill him.",Twitter for iPhone
667459029703254016,2015-11-19 21:46:48,RT @RamiAlLolah: #BreakingNews 11 civilian workers killed in dairy factory in #USA-led Coalition bombardment on #Mosul a while ago.. #Iraq ‚Ä¶,Twitter for iPhone
667454356132900864,2015-11-19 21:28:13,"RT @kashmir_rise: French fighter jets bombing civilian homes in Syria, Literally Braking My Heart #PrayForSyria 

 https://t.co/dK1Ud61gIQ",Twitter for iPhone
667444965811863552,2015-11-19 20:50:55,"Rome after Paris.
Many people forgot that the pope launched a new crusade not long ago.. https://t.co/nYiZqetZbp",Twitter for iPhone
667443418214375424,2015-11-19 20:44:46,RT @DawlawiCat: Tell me this ain't a war against Islam https://t.co/21gSOypQ2y,Twitter for iPhone
667443271363338241,2015-11-19 20:44:11,Russia's turn: https://t.co/uK1XpEYbP1,Twitter for iPhone
667442888700272641,2015-11-19 20:42:39,"RT @peter_gabrial: #Iraq: #IS deployed an additional 37mm AA Gun in the area of #Baiji today, used in continuing battles against ISF. https‚Ä¶",Twitter for iPhone
667442619098775556,2015-11-19 20:41:35,"RT @owen_lystrup: Ugh, I feel ill. --&gt; ""Drone operators refer to children as 'fun-size terrorists' ""
https://t.co/AaN3VuVNRN by @mazmhussain",Twitter for iPhone
667442521824477184,2015-11-19 20:41:12,"RT @KenRoth: Responding to knife attackers, China's raid kills suspects' family: 4 women, 3 children. https://t.co/FdqQVvf4cU https://t.co/‚Ä¶",Twitter for iPhone
667442261702131713,2015-11-19 20:40:10,"RT @wayf44rer15: #Syria #Islamic_State regains control over Hadath [ÿßŸÑÿ≠ÿØÿ´] village, north of the town of Mahin",Twitter for iPhone
667408451673395201,2015-11-19 18:25:49,"Islamic state:
We will degrade and destroy Europe, no needs for ground forces, special forces will be sent to support local forces.",Twitter for iPhone
667407960101007360,2015-11-19 18:23:52,Many Muslims criticized the Islamic state lack of will recently.,Twitter for iPhone
667407125111570432,2015-11-19 18:20:33,"Apparently Islamic state coalition will start targeting Europe more seriously.
Islamic state wants to degrade and ultimately destroy the EU.",Twitter for iPhone
667405406134775808,2015-11-19 18:13:43,RT @sumaiyyahhh: French fighter jets dropping bombs on civilian homes in Syria https://t.co/tVPQcfijAj,Twitter for iPhone
667404982422003712,2015-11-19 18:12:02,"Please follow your estimated and knowledgable brother:
@wayf44rer15",Twitter for iPhone
667404439490269185,2015-11-19 18:09:52,RT @wayf44rer15: @MarwaanTunsi ÿßŸÑÿ≥ŸÑÿßŸÖ ÿπŸÑŸäŸÉŸÖ can you share my account akhi,Twitter for iPhone
667403673866211328,2015-11-19 18:06:50,"Arab horses spokeshorse said:
¬´ We will not tweet under #Jesuischien (I am dog) we are horses.¬ª",Twitter for iPhone
667403343858434048,2015-11-19 18:05:31,Thousands of Arab horses to be deported from #France after they refused to distance themselves from radical Islam. https://t.co/wcpa4vGhVt,Twitter for iPhone
667402325368160256,2015-11-19 18:01:28,"Breaking:
A little Muslim girl wounded by French police in the city of Nice, #France https://t.co/uZ2ktsM1uo",Twitter for iPhone
667387708613009408,2015-11-19 17:03:23,"RT @mustafaklsh13: The muslim they captured who ""was behind the Paris attack"" was:
1: in a gay bar
2: hitting on a girl
3: doing drugs http‚Ä¶",Twitter for iPhone
667376796812378112,2015-11-19 16:20:02,"RT @schumelli1: When French troops were in Algeria...

No comments. https://t.co/awQlXRUkV2",Twitter for iPhone
667376621201043456,2015-11-19 16:19:20,"RT @OIRspox: In 2014, #France was our first @NATO partner to strike in Iraq, they have provided 12% of ALL non-U.S. strikes against ISIL si‚Ä¶",Twitter for iPhone
667376037538504704,2015-11-19 16:17:01,"RT @atifabbasi13: bREAKING !!!!
#IslamicState al-Hayat Media #Dabiq12 
RT/SHARE
https://t.co/hGNFyuopq9
https://t.co/hGNFyuopq9 https://t.c‚Ä¶",Twitter for iPhone
667374976127926272,2015-11-19 16:12:48,"RT @IsraelHatzolah: SHOOTING/RUN-OVER ATTACK - GUSH ETZION U/D:
- 3 murdered 
- 1 Israeli 
- 1 American 
- 1 Palestinian
- 9 wounded
- 2 te‚Ä¶",Twitter for iPhone
667362381819940864,2015-11-19 15:22:45,@ShaykhGoogIe no those people are wearing summer clothes,Twitter for iPhone
667352762284404736,2015-11-19 14:44:32,"RT @sakirkhader: Heartbroken #Syria|n father mourns loss of his child killed in today's #Russia|n missile strike on #Ariha, #Idlib. https:/‚Ä¶",Twitter for iPhone
667305570135707648,2015-11-19 11:37:00,"RT @Daudoo: #ISIS fighter Farah Shirdon (R) who's now wanted #Interpol is the nephew of former #Somalia PM, Abdiweli Shirdon (L) https://t.‚Ä¶",Twitter for iPhone
667302741757132801,2015-11-19 11:25:46,RT @RamiAlLolah: #BreakingNews Horrific scenes #Raqqa. Civilians massacre after #USA-led Coalition strikes.. #ParisAttacks #Syria https://t‚Ä¶,Twitter for iPhone
667297957385912320,2015-11-19 11:06:45,RT @ChathamHouse: Airstrikes on #ISIS oil trucks kill civilians &amp; damage livelihoods - @hxhassan in @washingtonpost: https://t.co/nZDsrT16lV,Twitter for iPhone
667297653466644480,2015-11-19 11:05:33,"RT @snhr: #Syria
#SNHR: 9 victims including 3 children died in regime warplanes missiles fired on Mouhasan city in Deir Ez-Zour, Nov 17",Twitter for iPhone
667293589597061120,2015-11-19 10:49:24,"Apostate sahwa dogs completed their training in Taji, north Baghdad, US and Australian trainers in the first rows: https://t.co/Dezdy8wbDz",Twitter for iPhone
667152864750514176,2015-11-19 01:30:12,Please RT my poll so more people can vote.,Twitter for iPhone
667152681463627777,2015-11-19 01:29:29,"The coalition deprived millions of Syrians of oil and gas before winter, in your opinion it is:",Twitter for iPhone
667152358724472832,2015-11-19 01:28:12,"RT @motherboard: Anonymous has little to show for its year-long fight against ISIS:
https://t.co/UVedhE3LhV https://t.co/zZUBN8tAmN",Twitter for iPhone
667121651365060608,2015-11-18 23:26:10,"RT @War_Reports: Nusra copies everything from IS, like their media, their Nasheeds and their dead martyrs images. Only thing they don't cop‚Ä¶",Twitter for iPhone
667112263141208066,2015-11-18 22:48:52,@dread_muslem like when Al Qa'eda left the whole country of Afghanistan or Mali after a few weeks of war. Sad.,Twitter for iPhone
667110789828988928,2015-11-18 22:43:01,"For every new measure, every new bomb, every new law against the Islamic state, there is a hidden blessing, promise of Allah ta'ala.",Twitter for iPhone
667109196014460930,2015-11-18 22:36:41,RT @JuanPicardia: Raqqa victims today!! #france #hollandeAssassin  https://t.co/dU02pOlFZv,Twitter for iPhone
667108038730457088,2015-11-18 22:32:05,RT @MuslimanoTweets: WARNING. These are the terrorists France exterminated in Syria which they wont show you on the news. #PrayForSyria htt‚Ä¶,Twitter for iPhone
667107951241506817,2015-11-18 22:31:44,@PalmyraPioneer since when did you start sharing Assad propaganda?,Twitter for iPhone
667081113387573248,2015-11-18 20:45:05,"RT @EU_MilitiaWatch: EU ALERT :

Hezbollah terrorist who's brother died fighting for Hezbollah now in Europe posing as a Refugee https://t.‚Ä¶",Twitter for iPhone
667079858929934337,2015-11-18 20:40:06,RT @RamiAlLolah: #BreakingNews Child: We were in a car full of civilians when #USA-led Coalition hit us. #Raqqa #Syria #ParisAttacks https:‚Ä¶,Twitter for iPhone
667041292338221057,2015-11-18 18:06:51,"RT @Abu_Naseeha1: BREAKING !!!!

#IslamicState al-Hayat Media #Dabiq12 

RT/SHARE

https://t.co/dP6nF5hWGn
https://t.co/dP6nF5hWGn https://‚Ä¶",Twitter for iPhone
667033299555102720,2015-11-18 17:35:06,One of the only thing separating large parts of Muslim masses from supporting the Islamic state is conspiracy theories.,Twitter for iPhone
667032008325992451,2015-11-18 17:29:58,"Just met an official working for the Turkish gvt, he was a Erdogan supporter before I exposed USA support for PKK in Syria to him.",Twitter for iPhone
667023423319724032,2015-11-18 16:55:51,"Marwan Tunsi:
Spent time with thousands of groups all over the world.",Twitter for iPhone
667020682140770304,2015-11-18 16:44:57,@MaghrebiWTNSS @I_Witness_Back you mean the soldiers?,Twitter for iPhone
667004680271171584,2015-11-18 15:41:22,"The Islamic state used a @Schweppes can to destroy the #russianplane. 
#Sinai https://t.co/PF3Sq6CbHq",Twitter for iPhone
666980074634264576,2015-11-18 14:03:36,RT @haaretzcom: Chicago Orthodox rabbi found guilty of sexually assaulting 15-year-old boy https://t.co/IGzLLOLrty https://t.co/HjK0C4rppY,Twitter for iPhone
666974162418839558,2015-11-18 13:40:06,"RT @agitpapa: +was pumped to Turkey's Ceyhan port, loaded on tankers &amp; then secretly offloaded to Israeli ships 4 resale so Baghdad couldn'‚Ä¶",Twitter for iPhone
666973934454243328,2015-11-18 13:39:12,"RT @agitpapa: Both Tayyip's cronies &amp; Israel took a cut of course, even as they pretended 2 hate each other. Oil is a binding agent in more‚Ä¶",Twitter for iPhone
666973884630044674,2015-11-18 13:39:00,RT @agitpapa: Reuters exclusive: How Barzani stole Iraq's oil by secretly stashing it in Israel https://t.co/HgwuXJku1w  500.000 barrels pe‚Ä¶,Twitter for iPhone
666972327087874048,2015-11-18 13:32:49,RT @EU_MilitiaWatch: What would Europe look like if Militants or Terrorists posing as Refugees hook up with E.U Gangsters ? https://t.co/GM‚Ä¶,Twitter for iPhone
666972273568534528,2015-11-18 13:32:36,"After a police dog was killed ¬´I am a dog¬ª #JeSuisChien is trending in France. 
Finally a # shi'a can relate too. https://t.co/CRGc482iJi",Twitter for iPhone
666970803355918336,2015-11-18 13:26:45,"RT @HamidHadeed: #ÿπÿßÿ¨ŸÑ 
ŸÖÿµÿßÿØÿ± ŸÑŸÑÿ¨ÿ≤Ÿäÿ±ÿ©: ŸÖŸÇÿ™ŸÑ 16 ŸÖŸÜ ÿßŸÑÿ¨Ÿäÿ¥ ÿßŸÑÿπÿ±ÿßŸÇŸä ŸàÿßŸÑÿ≠ÿ¥ÿØ ÿßŸÑÿ¥ÿπÿ®Ÿä ŸÅŸä ÿ™ŸÅÿ¨Ÿäÿ±ŸäŸÜ ÿ®ŸÖÿ≠Ÿäÿ∑ #ÿßŸÑÿ±ŸÖÿßÿØŸä",Twitter for iPhone
666968865537134594,2015-11-18 13:19:03,"Please follow @EU_MilitiaWatch
He expose terrorists who reached Europe, he will help authorities against terrorists and prevent more deaths.",Twitter for iPhone
666968591766568960,2015-11-18 13:17:58,"RT @EU_MilitiaWatch: EUROPE , Like you've NEVER seen it , exclusively @EU_MilitiaWatch https://t.co/ImX1WwxV7e",Twitter for iPhone
666968494139908096,2015-11-18 13:17:35,"RT @EU_MilitiaWatch: EU ALERT :

NEW LEAKS &amp; UPDATES 

VIA

@EU_MilitiaWatch https://t.co/WG4k1L75ui",Twitter for iPhone
666964771741245440,2015-11-18 13:02:47,"RT @EU_MilitiaWatch: Sir , were you going somewhere ? 

#EU #ALERT https://t.co/baJTDpIeTj",Twitter for iPhone
666958981710090240,2015-11-18 12:39:47,"10000 RTs for a dead french dog, how many RTs for the thousands of Muslim civilians killed by French bombardments?
https://t.co/YeWbV0kT3m",Twitter for iPhone
666958326840864768,2015-11-18 12:37:11,"Turkey Morrocco, Tunisia claim they dismantled plots, helped France, KSA sent 112millions$ to G20.
Every apostate country showing loyalty.",Twitter for iPhone
666954646888554496,2015-11-18 12:22:33,"RT @atifabbasi13: #ISIS  #Infographic Claims To Have Killed/Injured 600 Army &amp; Pro-Government Fighters Last Month. https://t.co/wjNbCJePhD""",Twitter for iPhone
666775153305632768,2015-11-18 00:29:19,RT @Nidalgazaui: Anti #IS coalition bomb civilan houses in #DeirEzzor https://t.co/YzuY7qMdND,Twitter for iPhone
666775020555935744,2015-11-18 00:28:47,"RT @TheRealBTL: Wal-Mart? 

Raqqa. 

Brand new appliances being sold. More images: https://t.co/tZq0mu2nwp https://t.co/TSmm4noImL",Twitter for iPhone
666767269146570752,2015-11-17 23:57:59,Assad soldiers instant BBQ recipe with Islamic state sauce special touch: https://t.co/QbDGk9ikjk,Twitter for iPhone
666763804198440961,2015-11-17 23:44:13,RT @albritaniyya_: Ya AllƒÅh. üò∞ A water station in Syria was bombed by France today. FIVE villages relied on it for water. May AllƒÅh ease th‚Ä¶,Twitter for iPhone
666755217384452096,2015-11-17 23:10:06,"may Allah curse her and give her quick painful death, say Amin.",Twitter for iPhone
666754656983498752,2015-11-17 23:07:52,"First hijab wearing woman cop in the US: 
No comment needed. https://t.co/SliCGuYwgn",Twitter for iPhone
666752869681467392,2015-11-17 23:00:46,"French bombs:
From Paris with love.üíã
Syrian desert:
Thank you, O you üòçüòçüò≥üò≥ https://t.co/nL9YH5xmsJ",Twitter for iPhone
666752371591135232,2015-11-17 22:58:47,RT @InstantReporter: #Russia|n Ambassador to the UK tweets Russia destroyed an IS fuel convoy in #Syria using a picture from #Pakistan. htt‚Ä¶,Twitter for iPhone
666751389075415040,2015-11-17 22:54:53,"If every western country was governed like Canada now western world would be such a peaceful place:
https://t.co/B4goQTjeUQ",Twitter for iPhone
666750571169374208,2015-11-17 22:51:38,"@IraqSurveys only a real journalist can link any subject to #ISIS, it's a tough job. I saw one linking ISIS to global warming once.",Twitter for iPhone
666749976140189696,2015-11-17 22:49:16,"Christian pastor from #Arizona said victims of #ParisAttacks were worshipers of Satan, deserved to die:
https://t.co/vZlbR5HMHq",Twitter for iPhone
666744039044202498,2015-11-17 22:25:41,RT @War_Reports: Some hackers are trying to hack into people's Twitter accounts or their phones. Some advice to follow to avoid this: https‚Ä¶,Twitter for iPhone
666728025329897472,2015-11-17 21:22:03,"France bombed more deserted places tonight.
Trying to show they're bombing targets to retaliate but US Air Force bombed everything already.",Twitter for iPhone
666673795101540355,2015-11-17 17:46:33,@RamiAlLolah Nusra claim they downed two Russian drones over Idlib while those are dysfunctional Russian cruise missiles.,Twitter for iPhone
666672016183939073,2015-11-17 17:39:29,"@JosephHDempsey right into that terrorist potato field, looks really accurate.",Twitter for iPhone
666652157203083264,2015-11-17 16:20:34,@PalmyraPioneer  but FSA Allies like the USA are sending more tanks to Iraqi shi'a militia that are then transported by Russians to Aleppo.,Twitter for iPhone
666649544227168256,2015-11-17 16:10:11,@RamiAlLolah before malfunctioning and crashing in the middle of nowhere,Twitter for iPhone
666647881252773889,2015-11-17 16:03:35,@Alex_de_M @RT_com not one Russia cruise missile hit its target yet.,Twitter for iPhone
666642944099819520,2015-11-17 15:43:58,"Russia and France?
Israel and Hamas ?
FSA and Assad?
There is no conflict that the #ISIS can't solve.
Islamic state, connecting people.",Twitter for iPhone
666642434928046080,2015-11-17 15:41:56,Year 2015 explained to someone in 2025 will sound like a peaceful and calm year of prosperity and world peace.,Twitter for iPhone
666642074570260480,2015-11-17 15:40:30,@metesohtaoglu @IraqLiveUpdate wanted terrorists = Sunni Muslims.,Twitter for iPhone
666641307503337472,2015-11-17 15:37:27,"Breaking:
After anonymous ¬´Hacked¬ª 5000 ISIS Twitter account, the group leader decided to suspend all military operations worldwide.",Twitter for iPhone
666640996768342016,2015-11-17 15:36:13,"Breaking:
In the most useless development of the war against ISIS, Anonymous group reported 5000 ¬´ISIS accounts to Twitter¬ª.",Twitter for iPhone
666617584326955009,2015-11-17 14:03:11,@iislamic12 only 43 killed in beyrouth..,Twitter for iPhone
666613738741592064,2015-11-17 13:47:55,@RomainCaillet de rien,Twitter for iPhone
666613582176649216,2015-11-17 13:47:17,"@OlivierGuitta @LePoint owners WERE jewish, they sold the Bataclan at the beginning of 2015. Smart move.",Twitter for iPhone
666612550394650624,2015-11-17 13:43:11,@RomainCaillet @_DavidThomson C'est un traiter pour la vid√©o d'Al Battar pas d'Al Anbar.,Twitter for iPhone
666611759357272064,2015-11-17 13:40:03,@RomainCaillet @_DavidThomson Cest la video d'Al Battar ca pluton non.,Twitter for iPhone
666611514929975296,2015-11-17 13:39:04,RT @didyouknowmedia: France is the founding nation of the Crusades &amp; and the first Crusader nation in history. #ParisAttacks https://t.co/v‚Ä¶,Twitter for iPhone
666552074281328640,2015-11-17 09:42:53,"Breaking:
Mosque in #Paris suburbs savagely attacked by French police forces last night, Quran thrown on the floor: https://t.co/Q0NYzB0sB6",Twitter for iPhone
